species,year,perc_too_hot,perc_too_cold,tmin_used,tmax_used
ACADIAN REDFISH,1959,5.21,14,4.76,9.6
ACADIAN REDFISH,1960,5.16,13.49,4.76,9.6
ACADIAN REDFISH,1961,3.76,16.76,4.76,9.6
ACADIAN REDFISH,1962,5.87,16.67,4.76,9.6
ACADIAN REDFISH,1963,5.63,8.67,4.76,9.6
ACADIAN REDFISH,1964,3.8,10.4,4.76,9.6
ACADIAN REDFISH,1965,3.28,15.91,4.76,9.6
ACADIAN REDFISH,1966,4.12,13.48,4.76,9.6
ACADIAN REDFISH,1967,4.81,15.27,4.76,9.6
ACADIAN REDFISH,1968,5.53,20.34,4.76,9.6
ACADIAN REDFISH,1969,7.73,23.34,4.76,9.6
ACADIAN REDFISH,1970,8.44,8.65,4.76,9.6
ACADIAN REDFISH,1971,7.09,13.55,4.76,9.6
ACADIAN REDFISH,1972,8.14,9.95,4.76,9.6
ACADIAN REDFISH,1973,7.52,12.3,4.76,9.6
ACADIAN REDFISH,1974,15.7,4.59,4.76,9.6
ACADIAN REDFISH,1975,16.35,2.97,4.76,9.6
ACADIAN REDFISH,1976,17.69,2.4,4.76,9.6
ACADIAN REDFISH,1977,11.74,10.32,4.76,9.6
ACADIAN REDFISH,1978,10.19,9.25,4.76,9.6
ACADIAN REDFISH,1979,6.46,13.93,4.76,9.6
ACADIAN REDFISH,1980,12.52,11.43,4.76,9.6
ACADIAN REDFISH,1981,10.19,13.43,4.76,9.6
ACADIAN REDFISH,1982,8,12.1,4.76,9.6
ACADIAN REDFISH,1983,8.86,7.39,4.76,9.6
ACADIAN REDFISH,1984,9.25,6.12,4.76,9.6
ACADIAN REDFISH,1985,15.79,3.68,4.76,9.6
ACADIAN REDFISH,1986,12.65,3.61,4.76,9.6
ACADIAN REDFISH,1987,7.42,12.3,4.76,9.6
ACADIAN REDFISH,1988,6.59,6.37,4.76,9.6
ACADIAN REDFISH,1989,8.5,11.84,4.76,9.6
ACADIAN REDFISH,1990,10.73,6.28,4.76,9.6
ACADIAN REDFISH,1991,17.22,1.8,4.76,9.6
ACADIAN REDFISH,1992,7.35,14.58,4.76,9.6
ACADIAN REDFISH,1993,10.41,11.07,4.76,9.6
ACADIAN REDFISH,1994,12.67,4.03,4.76,9.6
ACADIAN REDFISH,1995,9.94,3.96,4.76,9.6
ACADIAN REDFISH,1996,1.94,4.85,4.76,9.6
ACADIAN REDFISH,1997,7.93,3.1,4.76,9.6
ACADIAN REDFISH,1998,3.92,5.4,4.76,9.6
ACADIAN REDFISH,1999,15.66,2.92,4.76,9.6
ACADIAN REDFISH,2000,10.54,0.88,4.76,9.6
ACADIAN REDFISH,2001,8.21,3.96,4.76,9.6
ACADIAN REDFISH,2002,11.76,0.47,4.76,9.6
ACADIAN REDFISH,2003,8.69,9.5,4.76,9.6
ACADIAN REDFISH,2004,4.42,15.9,4.76,9.6
ACADIAN REDFISH,2005,6.54,10.35,4.76,9.6
ACADIAN REDFISH,2006,10.25,1.55,4.76,9.6
ACADIAN REDFISH,2007,3.79,6.35,4.76,9.6
ACADIAN REDFISH,2008,7.02,3.32,4.76,9.6
ACADIAN REDFISH,2009,12.61,7.47,4.76,9.6
ACADIAN REDFISH,2010,15.79,2.11,4.76,9.6
ACADIAN REDFISH,2011,9.45,1.65,4.76,9.6
ACADIAN REDFISH,2012,19.77,0.22,4.76,9.6
ACADIAN REDFISH,2013,22.96,0.86,4.76,9.6
ACADIAN REDFISH,2014,26.66,2.78,4.76,9.6
ACADIAN REDFISH,2015,27.8,3.56,4.76,9.6
ACADIAN REDFISH,2016,26.92,0.21,4.76,9.6
ACADIAN REDFISH,2017,21.1,2.5,4.76,9.6
ACADIAN REDFISH,2018,28.61,0.77,4.76,9.6
ACADIAN REDFISH,2019,37.71,2.41,4.76,9.6
ACADIAN REDFISH,2020,30.18,0.5,4.76,9.6
ACADIAN REDFISH,2021,40.92,0,4.76,9.6
ACADIAN REDFISH,2022,30.18,0.37,4.76,9.6
ACADIAN REDFISH,2023,31.16,1.08,4.76,9.6
ACADIAN REDFISH,2024,4.03,5.84,4.76,9.6
AMERICAN PLAICE,1959,13.9,8.26,4.28,9.511000000000005
AMERICAN PLAICE,1960,15.14,6.88,4.28,9.511000000000005
AMERICAN PLAICE,1961,13.01,9.97,4.28,9.511000000000005
AMERICAN PLAICE,1962,16.47,8.98,4.28,9.511000000000005
AMERICAN PLAICE,1963,15.61,5,4.28,9.511000000000005
AMERICAN PLAICE,1964,12.08,6.69,4.28,9.511000000000005
AMERICAN PLAICE,1965,11.47,12.89,4.28,9.511000000000005
AMERICAN PLAICE,1966,11.78,9.54,4.28,9.511000000000005
AMERICAN PLAICE,1967,12.96,9.93,4.28,9.511000000000005
AMERICAN PLAICE,1968,12.98,13.74,4.28,9.511000000000005
AMERICAN PLAICE,1969,18.22,13.58,4.28,9.511000000000005
AMERICAN PLAICE,1970,16.8,5.46,4.28,9.511000000000005
AMERICAN PLAICE,1971,15.88,8.53,4.28,9.511000000000005
AMERICAN PLAICE,1972,19.14,5.27,4.28,9.511000000000005
AMERICAN PLAICE,1973,18.47,7.27,4.28,9.511000000000005
AMERICAN PLAICE,1974,26.93,2.28,4.28,9.511000000000005
AMERICAN PLAICE,1975,26.97,1.68,4.28,9.511000000000005
AMERICAN PLAICE,1976,27.48,1.61,4.28,9.511000000000005
AMERICAN PLAICE,1977,21.55,7.49,4.28,9.511000000000005
AMERICAN PLAICE,1978,20.37,5.38,4.28,9.511000000000005
AMERICAN PLAICE,1979,15.71,9.47,4.28,9.511000000000005
AMERICAN PLAICE,1980,20.42,7.4,4.28,9.511000000000005
AMERICAN PLAICE,1981,18.77,7.8,4.28,9.511000000000005
AMERICAN PLAICE,1982,18.95,7.38,4.28,9.511000000000005
AMERICAN PLAICE,1983,20.34,4.01,4.28,9.511000000000005
AMERICAN PLAICE,1984,18.06,3.94,4.28,9.511000000000005
AMERICAN PLAICE,1985,27.25,2.02,4.28,9.511000000000005
AMERICAN PLAICE,1986,25.56,1.98,4.28,9.511000000000005
AMERICAN PLAICE,1987,18.62,8.65,4.28,9.511000000000005
AMERICAN PLAICE,1988,16.86,4.62,4.28,9.511000000000005
AMERICAN PLAICE,1989,19.21,7.78,4.28,9.511000000000005
AMERICAN PLAICE,1990,22.35,2.9,4.28,9.511000000000005
AMERICAN PLAICE,1991,28.81,0.84,4.28,9.511000000000005
AMERICAN PLAICE,1992,18.57,6.93,4.28,9.511000000000005
AMERICAN PLAICE,1993,19.84,7.76,4.28,9.511000000000005
AMERICAN PLAICE,1994,24.59,3.84,4.28,9.511000000000005
AMERICAN PLAICE,1995,21.2,2.09,4.28,9.511000000000005
AMERICAN PLAICE,1996,8.53,3.26,4.28,9.511000000000005
AMERICAN PLAICE,1997,18.55,1.32,4.28,9.511000000000005
AMERICAN PLAICE,1998,12.01,2.24,4.28,9.511000000000005
AMERICAN PLAICE,1999,28.27,1.2,4.28,9.511000000000005
AMERICAN PLAICE,2000,23.63,0.54,4.28,9.511000000000005
AMERICAN PLAICE,2001,21.16,1.97,4.28,9.511000000000005
AMERICAN PLAICE,2002,21.89,0.17,4.28,9.511000000000005
AMERICAN PLAICE,2003,18.62,6.29,4.28,9.511000000000005
AMERICAN PLAICE,2004,12.39,12.02,4.28,9.511000000000005
AMERICAN PLAICE,2005,15.66,6.87,4.28,9.511000000000005
AMERICAN PLAICE,2006,23.55,0.63,4.28,9.511000000000005
AMERICAN PLAICE,2007,12.68,3.77,4.28,9.511000000000005
AMERICAN PLAICE,2008,16.84,1.14,4.28,9.511000000000005
AMERICAN PLAICE,2009,24.31,3.98,4.28,9.511000000000005
AMERICAN PLAICE,2010,25.9,1.36,4.28,9.511000000000005
AMERICAN PLAICE,2011,19.15,1.21,4.28,9.511000000000005
AMERICAN PLAICE,2012,34.65,0.05,4.28,9.511000000000005
AMERICAN PLAICE,2013,32.95,0.32,4.28,9.511000000000005
AMERICAN PLAICE,2014,36.31,2.01,4.28,9.511000000000005
AMERICAN PLAICE,2015,39.56,2.43,4.28,9.511000000000005
AMERICAN PLAICE,2016,38.26,0.09,4.28,9.511000000000005
AMERICAN PLAICE,2017,30.55,1.19,4.28,9.511000000000005
AMERICAN PLAICE,2018,35.88,0.6,4.28,9.511000000000005
AMERICAN PLAICE,2019,41.83,1.19,4.28,9.511000000000005
AMERICAN PLAICE,2020,41.12,0.15,4.28,9.511000000000005
AMERICAN PLAICE,2021,53.56,0,4.28,9.511000000000005
AMERICAN PLAICE,2022,40.78,0.13,4.28,9.511000000000005
AMERICAN PLAICE,2023,39.39,0.35,4.28,9.511000000000005
AMERICAN PLAICE,2024,13.11,2.85,4.28,9.511000000000005
ATLANTIC COD,1959,12.79,1.22,3,11
ATLANTIC COD,1960,13.51,0.67,3,11
ATLANTIC COD,1961,11.64,1.33,3,11
ATLANTIC COD,1962,14.23,0.97,3,11
ATLANTIC COD,1963,13.83,0.79,3,11
ATLANTIC COD,1964,12.82,0.92,3,11
ATLANTIC COD,1965,7.72,3.07,3,11
ATLANTIC COD,1966,9.32,1.69,3,11
ATLANTIC COD,1967,9.71,1.41,3,11
ATLANTIC COD,1968,10.13,2.78,3,11
ATLANTIC COD,1969,14.5,1.99,3,11
ATLANTIC COD,1970,13.01,0.86,3,11
ATLANTIC COD,1971,13.35,1.49,3,11
ATLANTIC COD,1972,16.52,0.8,3,11
ATLANTIC COD,1973,15.71,0.95,3,11
ATLANTIC COD,1974,20.55,0.17,3,11
ATLANTIC COD,1975,18.74,0.18,3,11
ATLANTIC COD,1976,16.62,0.3,3,11
ATLANTIC COD,1977,16.84,2.09,3,11
ATLANTIC COD,1978,17.45,1.17,3,11
ATLANTIC COD,1979,12.53,1.82,3,11
ATLANTIC COD,1980,11.32,1.68,3,11
ATLANTIC COD,1981,12.34,1.83,3,11
ATLANTIC COD,1982,16.17,1.55,3,11
ATLANTIC COD,1983,16.85,0.64,3,11
ATLANTIC COD,1984,13.19,0.76,3,11
ATLANTIC COD,1985,19.97,0.25,3,11
ATLANTIC COD,1986,21.45,0.23,3,11
ATLANTIC COD,1987,14.78,1.74,3,11
ATLANTIC COD,1988,13.65,0.57,3,11
ATLANTIC COD,1989,15.24,1.52,3,11
ATLANTIC COD,1990,16.47,0.26,3,11
ATLANTIC COD,1991,20.38,0.04,3,11
ATLANTIC COD,1992,15.26,0.6,3,11
ATLANTIC COD,1993,14.67,0.75,3,11
ATLANTIC COD,1994,20.27,0.53,3,11
ATLANTIC COD,1995,19,0.22,3,11
ATLANTIC COD,1996,7.93,0.57,3,11
ATLANTIC COD,1997,16.33,0.09,3,11
ATLANTIC COD,1998,10.27,0.18,3,11
ATLANTIC COD,1999,24.53,0.07,3,11
ATLANTIC COD,2000,18.46,0.08,3,11
ATLANTIC COD,2001,20.08,0.1,3,11
ATLANTIC COD,2002,20.85,0.02,3,11
ATLANTIC COD,2003,14.3,0.52,3,11
ATLANTIC COD,2004,10.68,1.79,3,11
ATLANTIC COD,2005,13.84,0.55,3,11
ATLANTIC COD,2006,22.09,0.01,3,11
ATLANTIC COD,2007,11.74,0.22,3,11
ATLANTIC COD,2008,15.85,0.01,3,11
ATLANTIC COD,2009,21.46,0.18,3,11
ATLANTIC COD,2010,17.94,0.14,3,11
ATLANTIC COD,2011,18.21,0.08,3,11
ATLANTIC COD,2012,28.41,0,3,11
ATLANTIC COD,2013,22.31,0.03,3,11
ATLANTIC COD,2014,25.41,0.21,3,11
ATLANTIC COD,2015,26.91,0.39,3,11
ATLANTIC COD,2016,26.08,0,3,11
ATLANTIC COD,2017,22.06,0.09,3,11
ATLANTIC COD,2018,17.43,0.06,3,11
ATLANTIC COD,2019,19.44,0.08,3,11
ATLANTIC COD,2020,22.2,0.01,3,11
ATLANTIC COD,2021,26.61,0,3,11
ATLANTIC COD,2022,26.8,0.05,3,11
ATLANTIC COD,2023,18.81,0.03,3,11
ATLANTIC COD,2024,13.67,0.23,3,11
ATLANTIC HALIBUT,1959,0,26.59,5,16
ATLANTIC HALIBUT,1960,0,22.08,5,16
ATLANTIC HALIBUT,1961,0,29.58,5,16
ATLANTIC HALIBUT,1962,0,23.78,5,16
ATLANTIC HALIBUT,1963,0,14.39,5,16
ATLANTIC HALIBUT,1964,0,20.37,5,16
ATLANTIC HALIBUT,1965,0,30.33,5,16
ATLANTIC HALIBUT,1966,0,28.05,5,16
ATLANTIC HALIBUT,1967,0,29.45,5,16
ATLANTIC HALIBUT,1968,0,28.37,5,16
ATLANTIC HALIBUT,1969,0.01,27.04,5,16
ATLANTIC HALIBUT,1970,0,15.59,5,16
ATLANTIC HALIBUT,1971,0.02,25,5,16
ATLANTIC HALIBUT,1972,0,22.27,5,16
ATLANTIC HALIBUT,1973,0,24.33,5,16
ATLANTIC HALIBUT,1974,0.01,9.98,5,16
ATLANTIC HALIBUT,1975,0.07,9.02,5,16
ATLANTIC HALIBUT,1976,0,4.73,5,16
ATLANTIC HALIBUT,1977,0,16.44,5,16
ATLANTIC HALIBUT,1978,0.01,17.23,5,16
ATLANTIC HALIBUT,1979,0,23.6,5,16
ATLANTIC HALIBUT,1980,0,16.45,5,16
ATLANTIC HALIBUT,1981,0,17.59,5,16
ATLANTIC HALIBUT,1982,0,15.9,5,16
ATLANTIC HALIBUT,1983,0,14.94,5,16
ATLANTIC HALIBUT,1984,0,12.51,5,16
ATLANTIC HALIBUT,1985,0,6.39,5,16
ATLANTIC HALIBUT,1986,0.12,8.79,5,16
ATLANTIC HALIBUT,1987,0,21.1,5,16
ATLANTIC HALIBUT,1988,0,12.9,5,16
ATLANTIC HALIBUT,1989,0,22.46,5,16
ATLANTIC HALIBUT,1990,0,14.9,5,16
ATLANTIC HALIBUT,1991,0.07,5.18,5,16
ATLANTIC HALIBUT,1992,0,23.56,5,16
ATLANTIC HALIBUT,1993,0.02,23.22,5,16
ATLANTIC HALIBUT,1994,0.07,9.08,5,16
ATLANTIC HALIBUT,1995,0.02,10.83,5,16
ATLANTIC HALIBUT,1996,0,12.23,5,16
ATLANTIC HALIBUT,1997,0,9.42,5,16
ATLANTIC HALIBUT,1998,0,12.59,5,16
ATLANTIC HALIBUT,1999,0.2,9.25,5,16
ATLANTIC HALIBUT,2000,0,3.26,5,16
ATLANTIC HALIBUT,2001,0,11.14,5,16
ATLANTIC HALIBUT,2002,0,1.84,5,16
ATLANTIC HALIBUT,2003,0,19.86,5,16
ATLANTIC HALIBUT,2004,0,28.59,5,16
ATLANTIC HALIBUT,2005,0,20.81,5,16
ATLANTIC HALIBUT,2006,0,5.54,5,16
ATLANTIC HALIBUT,2007,0,15.31,5,16
ATLANTIC HALIBUT,2008,0,10.98,5,16
ATLANTIC HALIBUT,2009,0.41,16.41,5,16
ATLANTIC HALIBUT,2010,0,5.61,5,16
ATLANTIC HALIBUT,2011,0.02,5.46,5,16
ATLANTIC HALIBUT,2012,0.02,0.86,5,16
ATLANTIC HALIBUT,2013,0.02,3.18,5,16
ATLANTIC HALIBUT,2014,0.24,7.76,5,16
ATLANTIC HALIBUT,2015,1.32,8.63,5,16
ATLANTIC HALIBUT,2016,1.03,0.97,5,16
ATLANTIC HALIBUT,2017,0.18,7.24,5,16
ATLANTIC HALIBUT,2018,0.02,2.27,5,16
ATLANTIC HALIBUT,2019,0.13,8.28,5,16
ATLANTIC HALIBUT,2020,0.03,1.88,5,16
ATLANTIC HALIBUT,2021,0.41,0,5,16
ATLANTIC HALIBUT,2022,0.34,1.2,5,16
ATLANTIC HALIBUT,2023,0.01,3.65,5,16
ATLANTIC HALIBUT,2024,0,14.79,5,16
ATLANTIC HERRING,1959,2.16,0,2,16
ATLANTIC HERRING,1960,2.62,0,2,16
ATLANTIC HERRING,1961,2.43,0,2,16
ATLANTIC HERRING,1962,2.42,0,2,16
ATLANTIC HERRING,1963,2.72,0,2,16
ATLANTIC HERRING,1964,2.66,0,2,16
ATLANTIC HERRING,1965,0.95,0,2,16
ATLANTIC HERRING,1966,1.47,0,2,16
ATLANTIC HERRING,1967,1.31,0,2,16
ATLANTIC HERRING,1968,1.82,0,2,16
ATLANTIC HERRING,1969,1.7,0,2,16
ATLANTIC HERRING,1970,1.83,0,2,16
ATLANTIC HERRING,1971,1.8,0,2,16
ATLANTIC HERRING,1972,2.15,0,2,16
ATLANTIC HERRING,1973,1.95,0,2,16
ATLANTIC HERRING,1974,2.48,0,2,16
ATLANTIC HERRING,1975,3.83,0,2,16
ATLANTIC HERRING,1976,1.92,0,2,16
ATLANTIC HERRING,1977,2.2,0,2,16
ATLANTIC HERRING,1978,2.96,0,2,16
ATLANTIC HERRING,1979,1.84,0,2,16
ATLANTIC HERRING,1980,1.1,0,2,16
ATLANTIC HERRING,1981,1.35,0,2,16
ATLANTIC HERRING,1982,2.5,0,2,16
ATLANTIC HERRING,1983,3.47,0,2,16
ATLANTIC HERRING,1984,1.76,0,2,16
ATLANTIC HERRING,1985,4.54,0,2,16
ATLANTIC HERRING,1986,3.98,0,2,16
ATLANTIC HERRING,1987,2.69,0,2,16
ATLANTIC HERRING,1988,2.33,0,2,16
ATLANTIC HERRING,1989,2.82,0,2,16
ATLANTIC HERRING,1990,3.25,0,2,16
ATLANTIC HERRING,1991,3.46,0,2,16
ATLANTIC HERRING,1992,2.61,0,2,16
ATLANTIC HERRING,1993,2.42,0,2,16
ATLANTIC HERRING,1994,3.73,0,2,16
ATLANTIC HERRING,1995,4.6,0,2,16
ATLANTIC HERRING,1996,2.68,0,2,16
ATLANTIC HERRING,1997,3.53,0,2,16
ATLANTIC HERRING,1998,2.82,0,2,16
ATLANTIC HERRING,1999,5.39,0,2,16
ATLANTIC HERRING,2000,3.72,0,2,16
ATLANTIC HERRING,2001,3.95,0,2,16
ATLANTIC HERRING,2002,4.79,0,2,16
ATLANTIC HERRING,2003,2.69,0,2,16
ATLANTIC HERRING,2004,2.46,0,2,16
ATLANTIC HERRING,2005,2.56,0,2,16
ATLANTIC HERRING,2006,4.08,0,2,16
ATLANTIC HERRING,2007,3.3,0,2,16
ATLANTIC HERRING,2008,4.28,0,2,16
ATLANTIC HERRING,2009,4.59,0,2,16
ATLANTIC HERRING,2010,3.65,0,2,16
ATLANTIC HERRING,2011,4.73,0,2,16
ATLANTIC HERRING,2012,5.51,0,2,16
ATLANTIC HERRING,2013,5.02,0,2,16
ATLANTIC HERRING,2014,7.17,0,2,16
ATLANTIC HERRING,2015,7.91,0,2,16
ATLANTIC HERRING,2016,6.09,0,2,16
ATLANTIC HERRING,2017,5.09,0,2,16
ATLANTIC HERRING,2018,3.44,0,2,16
ATLANTIC HERRING,2019,7,0,2,16
ATLANTIC HERRING,2020,5.19,0,2,16
ATLANTIC HERRING,2021,1.03,0,2,16
ATLANTIC HERRING,2022,7.57,0.01,2,16
ATLANTIC HERRING,2023,6.76,0,2,16
ATLANTIC HERRING,2024,6.2,0.02,2,16
BARNDOOR SKATE,1959,1.93,22.84,5.806000000000001,13.69
BARNDOOR SKATE,1960,3.12,26.23,5.806000000000001,13.69
BARNDOOR SKATE,1961,2.12,26.76,5.806000000000001,13.69
BARNDOOR SKATE,1962,3.52,24.86,5.806000000000001,13.69
BARNDOOR SKATE,1963,3.46,22.42,5.806000000000001,13.69
BARNDOOR SKATE,1964,2.14,20.78,5.806000000000001,13.69
BARNDOOR SKATE,1965,1.52,23.43,5.806000000000001,13.69
BARNDOOR SKATE,1966,1.05,22.01,5.806000000000001,13.69
BARNDOOR SKATE,1967,1.07,21.19,5.806000000000001,13.69
BARNDOOR SKATE,1968,1.14,27.42,5.806000000000001,13.69
BARNDOOR SKATE,1969,3.6,25.46,5.806000000000001,13.69
BARNDOOR SKATE,1970,2.15,18.38,5.806000000000001,13.69
BARNDOOR SKATE,1971,3.96,21.58,5.806000000000001,13.69
BARNDOOR SKATE,1972,5.01,14.7,5.806000000000001,13.69
BARNDOOR SKATE,1973,5.06,16.35,5.806000000000001,13.69
BARNDOOR SKATE,1974,5.14,10.51,5.806000000000001,13.69
BARNDOOR SKATE,1975,9.17,9.15,5.806000000000001,13.69
BARNDOOR SKATE,1976,4.46,9.04,5.806000000000001,13.69
BARNDOOR SKATE,1977,6.91,16.75,5.806000000000001,13.69
BARNDOOR SKATE,1978,6.91,21.86,5.806000000000001,13.69
BARNDOOR SKATE,1979,1.41,22.9,5.806000000000001,13.69
BARNDOOR SKATE,1980,1.72,19.38,5.806000000000001,13.69
BARNDOOR SKATE,1981,1.54,24.26,5.806000000000001,13.69
BARNDOOR SKATE,1982,5.32,24.53,5.806000000000001,13.69
BARNDOOR SKATE,1983,3.96,12.55,5.806000000000001,13.69
BARNDOOR SKATE,1984,2.55,13.67,5.806000000000001,13.69
BARNDOOR SKATE,1985,8.62,11.89,5.806000000000001,13.69
BARNDOOR SKATE,1986,9.62,9.81,5.806000000000001,13.69
BARNDOOR SKATE,1987,5.14,15.71,5.806000000000001,13.69
BARNDOOR SKATE,1988,3.21,14.71,5.806000000000001,13.69
BARNDOOR SKATE,1989,4.94,15.47,5.806000000000001,13.69
BARNDOOR SKATE,1990,3.12,12.74,5.806000000000001,13.69
BARNDOOR SKATE,1991,7.77,7.31,5.806000000000001,13.69
BARNDOOR SKATE,1992,1.9,17.55,5.806000000000001,13.69
BARNDOOR SKATE,1993,2.2,18.77,5.806000000000001,13.69
BARNDOOR SKATE,1994,4.05,12.6,5.806000000000001,13.69
BARNDOOR SKATE,1995,5.95,9.48,5.806000000000001,13.69
BARNDOOR SKATE,1996,0.74,16.36,5.806000000000001,13.69
BARNDOOR SKATE,1997,2.63,9.65,5.806000000000001,13.69
BARNDOOR SKATE,1998,1.26,18.21,5.806000000000001,13.69
BARNDOOR SKATE,1999,10.25,8.18,5.806000000000001,13.69
BARNDOOR SKATE,2000,2.89,4.3,5.806000000000001,13.69
BARNDOOR SKATE,2001,5.64,11.92,5.806000000000001,13.69
BARNDOOR SKATE,2002,7.25,2.28,5.806000000000001,13.69
BARNDOOR SKATE,2003,1.59,19.4,5.806000000000001,13.69
BARNDOOR SKATE,2004,1,27.48,5.806000000000001,13.69
BARNDOOR SKATE,2005,2.09,21.77,5.806000000000001,13.69
BARNDOOR SKATE,2006,4.9,8.62,5.806000000000001,13.69
BARNDOOR SKATE,2007,1.96,16.62,5.806000000000001,13.69
BARNDOOR SKATE,2008,3.58,13.5,5.806000000000001,13.69
BARNDOOR SKATE,2009,10.37,14.08,5.806000000000001,13.69
BARNDOOR SKATE,2010,4.76,5.73,5.806000000000001,13.69
BARNDOOR SKATE,2011,6.02,10.42,5.806000000000001,13.69
BARNDOOR SKATE,2012,11.89,0.24,5.806000000000001,13.69
BARNDOOR SKATE,2013,10.56,3.09,5.806000000000001,13.69
BARNDOOR SKATE,2014,12.73,9.52,5.806000000000001,13.69
BARNDOOR SKATE,2015,14.66,5.81,5.806000000000001,13.69
BARNDOOR SKATE,2016,12.61,2.18,5.806000000000001,13.69
BARNDOOR SKATE,2017,12.46,6.56,5.806000000000001,13.69
BARNDOOR SKATE,2018,6.6,7.34,5.806000000000001,13.69
BARNDOOR SKATE,2019,13.59,11.78,5.806000000000001,13.69
BARNDOOR SKATE,2020,6.87,1.88,5.806000000000001,13.69
BARNDOOR SKATE,2021,12.65,0.04,5.806000000000001,13.69
BARNDOOR SKATE,2022,10.07,1.2,5.806000000000001,13.69
BARNDOOR SKATE,2023,5.05,2.49,5.806000000000001,13.69
BARNDOOR SKATE,2024,3.7,13.94,5.806000000000001,13.69
CLEARNOSE SKATE,1959,0.05,30.74,7.3,22.602000000000004
CLEARNOSE SKATE,1960,0.07,31.11,7.3,22.602000000000004
CLEARNOSE SKATE,1961,0.03,32.97,7.3,22.602000000000004
CLEARNOSE SKATE,1962,0.1,27.03,7.3,22.602000000000004
CLEARNOSE SKATE,1963,0.01,29.72,7.3,22.602000000000004
CLEARNOSE SKATE,1964,0.05,25.17,7.3,22.602000000000004
CLEARNOSE SKATE,1965,0,34.01,7.3,22.602000000000004
CLEARNOSE SKATE,1966,0,33.38,7.3,22.602000000000004
CLEARNOSE SKATE,1967,0,28.91,7.3,22.602000000000004
CLEARNOSE SKATE,1968,0.02,34.95,7.3,22.602000000000004
CLEARNOSE SKATE,1969,0.01,36.6,7.3,22.602000000000004
CLEARNOSE SKATE,1970,0.12,28.51,7.3,22.602000000000004
CLEARNOSE SKATE,1971,0.02,31.33,7.3,22.602000000000004
CLEARNOSE SKATE,1972,0.06,20.99,7.3,22.602000000000004
CLEARNOSE SKATE,1973,0.2,23.43,7.3,22.602000000000004
CLEARNOSE SKATE,1974,0.15,11.77,7.3,22.602000000000004
CLEARNOSE SKATE,1975,0.05,24.39,7.3,22.602000000000004
CLEARNOSE SKATE,1976,0,17.81,7.3,22.602000000000004
CLEARNOSE SKATE,1977,0.04,32.42,7.3,22.602000000000004
CLEARNOSE SKATE,1978,0.05,27.61,7.3,22.602000000000004
CLEARNOSE SKATE,1979,0,32.31,7.3,22.602000000000004
CLEARNOSE SKATE,1980,0.01,37.88,7.3,22.602000000000004
CLEARNOSE SKATE,1981,0.01,35.73,7.3,22.602000000000004
CLEARNOSE SKATE,1982,0,31.76,7.3,22.602000000000004
CLEARNOSE SKATE,1983,0.16,19.72,7.3,22.602000000000004
CLEARNOSE SKATE,1984,0,36.84,7.3,22.602000000000004
CLEARNOSE SKATE,1985,0.43,21.47,7.3,22.602000000000004
CLEARNOSE SKATE,1986,0.34,15.17,7.3,22.602000000000004
CLEARNOSE SKATE,1987,0.29,28.1,7.3,22.602000000000004
CLEARNOSE SKATE,1988,0.03,28.88,7.3,22.602000000000004
CLEARNOSE SKATE,1989,0.21,26.76,7.3,22.602000000000004
CLEARNOSE SKATE,1990,0.49,16.78,7.3,22.602000000000004
CLEARNOSE SKATE,1991,0.2,16.46,7.3,22.602000000000004
CLEARNOSE SKATE,1992,0.06,19.13,7.3,22.602000000000004
CLEARNOSE SKATE,1993,1.05,29.58,7.3,22.602000000000004
CLEARNOSE SKATE,1994,1.28,29.92,7.3,22.602000000000004
CLEARNOSE SKATE,1995,4,16.54,7.3,22.602000000000004
CLEARNOSE SKATE,1996,1.03,35.47,7.3,22.602000000000004
CLEARNOSE SKATE,1997,2,13.7,7.3,22.602000000000004
CLEARNOSE SKATE,1998,1.87,20.84,7.3,22.602000000000004
CLEARNOSE SKATE,1999,2.76,13.25,7.3,22.602000000000004
CLEARNOSE SKATE,2000,1.4,13.51,7.3,22.602000000000004
CLEARNOSE SKATE,2001,1.98,28.04,7.3,22.602000000000004
CLEARNOSE SKATE,2002,3.01,3.21,7.3,22.602000000000004
CLEARNOSE SKATE,2003,0.74,25.12,7.3,22.602000000000004
CLEARNOSE SKATE,2004,0.52,41.01,7.3,22.602000000000004
CLEARNOSE SKATE,2005,1.37,29.08,7.3,22.602000000000004
CLEARNOSE SKATE,2006,1.35,10.97,7.3,22.602000000000004
CLEARNOSE SKATE,2007,2.04,22.45,7.3,22.602000000000004
CLEARNOSE SKATE,2008,2.69,10.68,7.3,22.602000000000004
CLEARNOSE SKATE,2009,1.97,20.3,7.3,22.602000000000004
CLEARNOSE SKATE,2010,2.08,31.41,7.3,22.602000000000004
CLEARNOSE SKATE,2011,2.43,23.19,7.3,22.602000000000004
CLEARNOSE SKATE,2012,4.03,1.05,7.3,22.602000000000004
CLEARNOSE SKATE,2013,1.89,16.28,7.3,22.602000000000004
CLEARNOSE SKATE,2014,3.62,17.53,7.3,22.602000000000004
CLEARNOSE SKATE,2015,3.71,19.21,7.3,22.602000000000004
CLEARNOSE SKATE,2016,5.06,8.5,7.3,22.602000000000004
CLEARNOSE SKATE,2017,1.98,13.46,7.3,22.602000000000004
CLEARNOSE SKATE,2018,2.03,24.7,7.3,22.602000000000004
CLEARNOSE SKATE,2019,3.63,24.43,7.3,22.602000000000004
CLEARNOSE SKATE,2020,2.99,4.14,7.3,22.602000000000004
CLEARNOSE SKATE,2021,0,2.44,7.3,22.602000000000004
CLEARNOSE SKATE,2022,9.62,8.85,7.3,22.602000000000004
CLEARNOSE SKATE,2023,8.86,6.47,7.3,22.602000000000004
CLEARNOSE SKATE,2024,10.85,15.31,7.3,22.602000000000004
"CRAB,RED DEEPSEA",1959,1.1,40.19,5.507,10.213000000000001
"CRAB,RED DEEPSEA",1960,1.7,51.32,5.507,10.213000000000001
"CRAB,RED DEEPSEA",1961,1.46,54.11,5.507,10.213000000000001
"CRAB,RED DEEPSEA",1962,1.86,54.89,5.507,10.213000000000001
"CRAB,RED DEEPSEA",1963,1.55,28.96,5.507,10.213000000000001
"CRAB,RED DEEPSEA",1964,0.97,16.05,5.507,10.213000000000001
"CRAB,RED DEEPSEA",1965,1.77,29.9,5.507,10.213000000000001
"CRAB,RED DEEPSEA",1966,1.26,32.54,5.507,10.213000000000001
"CRAB,RED DEEPSEA",1967,1.76,39.35,5.507,10.213000000000001
"CRAB,RED DEEPSEA",1968,1.9,53.83,5.507,10.213000000000001
"CRAB,RED DEEPSEA",1969,1.67,69.64,5.507,10.213000000000001
"CRAB,RED DEEPSEA",1970,2.32,36.42,5.507,10.213000000000001
"CRAB,RED DEEPSEA",1971,1.42,36.41,5.507,10.213000000000001
"CRAB,RED DEEPSEA",1972,2.55,30.58,5.507,10.213000000000001
"CRAB,RED DEEPSEA",1973,1.76,34.52,5.507,10.213000000000001
"CRAB,RED DEEPSEA",1974,2.22,16.83,5.507,10.213000000000001
"CRAB,RED DEEPSEA",1975,1.9,13.16,5.507,10.213000000000001
"CRAB,RED DEEPSEA",1976,2.49,3.99,5.507,10.213000000000001
"CRAB,RED DEEPSEA",1977,1.79,32.07,5.507,10.213000000000001
"CRAB,RED DEEPSEA",1978,2.31,37.62,5.507,10.213000000000001
"CRAB,RED DEEPSEA",1979,1.89,40.74,5.507,10.213000000000001
"CRAB,RED DEEPSEA",1980,2.3,40.38,5.507,10.213000000000001
"CRAB,RED DEEPSEA",1981,1.98,50.12,5.507,10.213000000000001
"CRAB,RED DEEPSEA",1982,1.87,43.71,5.507,10.213000000000001
"CRAB,RED DEEPSEA",1983,2.3,25.37,5.507,10.213000000000001
"CRAB,RED DEEPSEA",1984,1.97,14.21,5.507,10.213000000000001
"CRAB,RED DEEPSEA",1985,2.52,20.02,5.507,10.213000000000001
"CRAB,RED DEEPSEA",1986,2.62,12.28,5.507,10.213000000000001
"CRAB,RED DEEPSEA",1987,2.46,26.44,5.507,10.213000000000001
"CRAB,RED DEEPSEA",1988,2.19,12.33,5.507,10.213000000000001
"CRAB,RED DEEPSEA",1989,2.3,28.83,5.507,10.213000000000001
"CRAB,RED DEEPSEA",1990,2.47,20.85,5.507,10.213000000000001
"CRAB,RED DEEPSEA",1991,2.68,7.33,5.507,10.213000000000001
"CRAB,RED DEEPSEA",1992,2.02,50.03,5.507,10.213000000000001
"CRAB,RED DEEPSEA",1993,1.65,21.35,5.507,10.213000000000001
"CRAB,RED DEEPSEA",1994,2.23,8.73,5.507,10.213000000000001
"CRAB,RED DEEPSEA",1995,2.25,7.24,5.507,10.213000000000001
"CRAB,RED DEEPSEA",1996,1.28,6.77,5.507,10.213000000000001
"CRAB,RED DEEPSEA",1997,1.82,4.52,5.507,10.213000000000001
"CRAB,RED DEEPSEA",1998,0.75,5.08,5.507,10.213000000000001
"CRAB,RED DEEPSEA",1999,2.1,9.98,5.507,10.213000000000001
"CRAB,RED DEEPSEA",2000,1.92,3.38,5.507,10.213000000000001
"CRAB,RED DEEPSEA",2001,2.12,8.96,5.507,10.213000000000001
"CRAB,RED DEEPSEA",2002,2.33,1.37,5.507,10.213000000000001
"CRAB,RED DEEPSEA",2003,1.66,24.54,5.507,10.213000000000001
"CRAB,RED DEEPSEA",2004,1.8,40.91,5.507,10.213000000000001
"CRAB,RED DEEPSEA",2005,1.75,21.47,5.507,10.213000000000001
"CRAB,RED DEEPSEA",2006,2.13,3.48,5.507,10.213000000000001
"CRAB,RED DEEPSEA",2007,1,11.11,5.507,10.213000000000001
"CRAB,RED DEEPSEA",2008,1.56,9.74,5.507,10.213000000000001
"CRAB,RED DEEPSEA",2009,2.25,18.75,5.507,10.213000000000001
"CRAB,RED DEEPSEA",2010,1.83,4.79,5.507,10.213000000000001
"CRAB,RED DEEPSEA",2011,2.27,2.89,5.507,10.213000000000001
"CRAB,RED DEEPSEA",2012,2.91,0.38,5.507,10.213000000000001
"CRAB,RED DEEPSEA",2013,5.46,4.05,5.507,10.213000000000001
"CRAB,RED DEEPSEA",2014,2.44,5.55,5.507,10.213000000000001
"CRAB,RED DEEPSEA",2015,2.71,8.81,5.507,10.213000000000001
"CRAB,RED DEEPSEA",2016,4.43,0.58,5.507,10.213000000000001
"CRAB,RED DEEPSEA",2017,2.72,5.24,5.507,10.213000000000001
"CRAB,RED DEEPSEA",2018,6.04,2.28,5.507,10.213000000000001
"CRAB,RED DEEPSEA",2019,3.97,4.05,5.507,10.213000000000001
"CRAB,RED DEEPSEA",2020,3.28,0.75,5.507,10.213000000000001
"CRAB,RED DEEPSEA",2021,3.51,0.07,5.507,10.213000000000001
"CRAB,RED DEEPSEA",2022,5.22,1.38,5.507,10.213000000000001
"CRAB,RED DEEPSEA",2023,7.02,1.17,5.507,10.213000000000001
"CRAB,RED DEEPSEA",2024,3.63,3.78,5.507,10.213000000000001
HADDOCK,1959,10.25,11.6,4.62,11.3
HADDOCK,1960,11.34,10.65,4.62,11.3
HADDOCK,1961,9.54,12.92,4.62,11.3
HADDOCK,1962,12.1,11.49,4.62,11.3
HADDOCK,1963,11.77,7.92,4.62,11.3
HADDOCK,1964,10.06,9.09,4.62,11.3
HADDOCK,1965,6.17,15.7,4.62,11.3
HADDOCK,1966,6.95,12.71,4.62,11.3
HADDOCK,1967,7.19,12.61,4.62,11.3
HADDOCK,1968,6.96,17.25,4.62,11.3
HADDOCK,1969,12.64,17.82,4.62,11.3
HADDOCK,1970,10.71,8.25,4.62,11.3
HADDOCK,1971,11.52,11.9,4.62,11.3
HADDOCK,1972,14.57,7.01,4.62,11.3
HADDOCK,1973,13.79,9.09,4.62,11.3
HADDOCK,1974,18.45,3.27,4.62,11.3
HADDOCK,1975,16.43,3.17,4.62,11.3
HADDOCK,1976,14.6,2.71,4.62,11.3
HADDOCK,1977,14.21,11.48,4.62,11.3
HADDOCK,1978,15.34,8.52,4.62,11.3
HADDOCK,1979,10.2,12.25,4.62,11.3
HADDOCK,1980,9.68,11.39,4.62,11.3
HADDOCK,1981,9.8,13.05,4.62,11.3
HADDOCK,1982,13.97,12.44,4.62,11.3
HADDOCK,1983,14.38,5.47,4.62,11.3
HADDOCK,1984,11.23,6.49,4.62,11.3
HADDOCK,1985,18.14,3.98,4.62,11.3
HADDOCK,1986,20.39,3.22,4.62,11.3
HADDOCK,1987,13.1,10.41,4.62,11.3
HADDOCK,1988,11.32,6.86,4.62,11.3
HADDOCK,1989,13.23,9.5,4.62,11.3
HADDOCK,1990,13.83,4.56,4.62,11.3
HADDOCK,1991,17.89,1.69,4.62,11.3
HADDOCK,1992,12.58,9.4,4.62,11.3
HADDOCK,1993,12.76,11.14,4.62,11.3
HADDOCK,1994,18.3,6.89,4.62,11.3
HADDOCK,1995,17.91,2.67,4.62,11.3
HADDOCK,1996,5.07,7.77,4.62,11.3
HADDOCK,1997,13.74,2.46,4.62,11.3
HADDOCK,1998,6.92,3.07,4.62,11.3
HADDOCK,1999,23.23,1.89,4.62,11.3
HADDOCK,2000,15.49,0.96,4.62,11.3
HADDOCK,2001,18.58,3.36,4.62,11.3
HADDOCK,2002,18.19,0.23,4.62,11.3
HADDOCK,2003,11.77,9.04,4.62,11.3
HADDOCK,2004,8.8,15.65,4.62,11.3
HADDOCK,2005,12.24,10.7,4.62,11.3
HADDOCK,2006,20.13,1.32,4.62,11.3
HADDOCK,2007,8.19,5.22,4.62,11.3
HADDOCK,2008,12.58,2.11,4.62,11.3
HADDOCK,2009,20.15,6.12,4.62,11.3
HADDOCK,2010,15.9,3.02,4.62,11.3
HADDOCK,2011,16.34,3,4.62,11.3
HADDOCK,2012,25.79,0.1,4.62,11.3
HADDOCK,2013,20.24,0.91,4.62,11.3
HADDOCK,2014,24.05,3.31,4.62,11.3
HADDOCK,2015,25.04,3.67,4.62,11.3
HADDOCK,2016,24.67,0.25,4.62,11.3
HADDOCK,2017,20.01,1.53,4.62,11.3
HADDOCK,2018,15.72,1.68,4.62,11.3
HADDOCK,2019,18.84,2.22,4.62,11.3
HADDOCK,2020,19.81,0.26,4.62,11.3
HADDOCK,2021,26.62,0,4.62,11.3
HADDOCK,2022,24.81,0.49,4.62,11.3
HADDOCK,2023,16.04,0.59,4.62,11.3
HADDOCK,2024,11.16,4.21,4.62,11.3
LITTLE SKATE,1959,2.82,9.16,4.36,15.672000000000008
LITTLE SKATE,1960,3.39,7.45,4.36,15.672000000000008
LITTLE SKATE,1961,3.26,10.1,4.36,15.672000000000008
LITTLE SKATE,1962,3.18,8.1,4.36,15.672000000000008
LITTLE SKATE,1963,3.69,6.8,4.36,15.672000000000008
LITTLE SKATE,1964,3.53,7.51,4.36,15.672000000000008
LITTLE SKATE,1965,1.24,13.78,4.36,15.672000000000008
LITTLE SKATE,1966,1.88,10.92,4.36,15.672000000000008
LITTLE SKATE,1967,1.68,10.32,4.36,15.672000000000008
LITTLE SKATE,1968,2.35,14.56,4.36,15.672000000000008
LITTLE SKATE,1969,2.27,12.5,4.36,15.672000000000008
LITTLE SKATE,1970,2.44,6.65,4.36,15.672000000000008
LITTLE SKATE,1971,2.42,9.62,4.36,15.672000000000008
LITTLE SKATE,1972,2.88,5.31,4.36,15.672000000000008
LITTLE SKATE,1973,2.59,6.96,4.36,15.672000000000008
LITTLE SKATE,1974,3.18,2.41,4.36,15.672000000000008
LITTLE SKATE,1975,5.31,2.45,4.36,15.672000000000008
LITTLE SKATE,1976,2.5,2.25,4.36,15.672000000000008
LITTLE SKATE,1977,3.21,9.86,4.36,15.672000000000008
LITTLE SKATE,1978,4.06,7.27,4.36,15.672000000000008
LITTLE SKATE,1979,2.39,10.29,4.36,15.672000000000008
LITTLE SKATE,1980,1.46,9.46,4.36,15.672000000000008
LITTLE SKATE,1981,1.72,10.42,4.36,15.672000000000008
LITTLE SKATE,1982,3.44,9.62,4.36,15.672000000000008
LITTLE SKATE,1983,4.65,4.37,4.36,15.672000000000008
LITTLE SKATE,1984,2.34,5.39,4.36,15.672000000000008
LITTLE SKATE,1985,6.11,3.23,4.36,15.672000000000008
LITTLE SKATE,1986,5.45,2.82,4.36,15.672000000000008
LITTLE SKATE,1987,3.68,9.1,4.36,15.672000000000008
LITTLE SKATE,1988,3.21,6.09,4.36,15.672000000000008
LITTLE SKATE,1989,3.66,8,4.36,15.672000000000008
LITTLE SKATE,1990,4.27,3.34,4.36,15.672000000000008
LITTLE SKATE,1991,4.75,1.23,4.36,15.672000000000008
LITTLE SKATE,1992,3.44,6.36,4.36,15.672000000000008
LITTLE SKATE,1993,2.97,8.99,4.36,15.672000000000008
LITTLE SKATE,1994,4.61,5.99,4.36,15.672000000000008
LITTLE SKATE,1995,5.66,2.17,4.36,15.672000000000008
LITTLE SKATE,1996,3.18,6.4,4.36,15.672000000000008
LITTLE SKATE,1997,4.28,1.62,4.36,15.672000000000008
LITTLE SKATE,1998,3.48,2.03,4.36,15.672000000000008
LITTLE SKATE,1999,6.91,1.37,4.36,15.672000000000008
LITTLE SKATE,2000,4.64,0.89,4.36,15.672000000000008
LITTLE SKATE,2001,5.14,2.49,4.36,15.672000000000008
LITTLE SKATE,2002,5.99,0.16,4.36,15.672000000000008
LITTLE SKATE,2003,3.28,6.99,4.36,15.672000000000008
LITTLE SKATE,2004,3.01,13.08,4.36,15.672000000000008
LITTLE SKATE,2005,3.1,8.29,4.36,15.672000000000008
LITTLE SKATE,2006,5.04,0.75,4.36,15.672000000000008
LITTLE SKATE,2007,4.03,3.98,4.36,15.672000000000008
LITTLE SKATE,2008,5.32,1.33,4.36,15.672000000000008
LITTLE SKATE,2009,6,4.35,4.36,15.672000000000008
LITTLE SKATE,2010,4.39,2.71,4.36,15.672000000000008
LITTLE SKATE,2011,6.01,2.57,4.36,15.672000000000008
LITTLE SKATE,2012,7.11,0.06,4.36,15.672000000000008
LITTLE SKATE,2013,6.42,0.62,4.36,15.672000000000008
LITTLE SKATE,2014,9.41,2.8,4.36,15.672000000000008
LITTLE SKATE,2015,10.53,3.47,4.36,15.672000000000008
LITTLE SKATE,2016,7.72,0.19,4.36,15.672000000000008
LITTLE SKATE,2017,6.61,1.09,4.36,15.672000000000008
LITTLE SKATE,2018,4.34,1.15,4.36,15.672000000000008
LITTLE SKATE,2019,9.26,1.75,4.36,15.672000000000008
LITTLE SKATE,2020,6.37,0.18,4.36,15.672000000000008
LITTLE SKATE,2021,1.32,0,4.36,15.672000000000008
LITTLE SKATE,2022,9.28,0.56,4.36,15.672000000000008
LITTLE SKATE,2023,8.28,0.38,4.36,15.672000000000008
LITTLE SKATE,2024,7.53,2.98,4.36,15.672000000000008
OCEAN POUT,1959,14.01,5.16,3.9,10.700000000000001
OCEAN POUT,1960,15.29,3.77,3.9,10.700000000000001
OCEAN POUT,1961,13.09,5.99,3.9,10.700000000000001
OCEAN POUT,1962,16.54,4.9,3.9,10.700000000000001
OCEAN POUT,1963,15.77,3.55,3.9,10.700000000000001
OCEAN POUT,1964,13.49,3.92,3.9,10.700000000000001
OCEAN POUT,1965,9.58,9.75,3.9,10.700000000000001
OCEAN POUT,1966,10.51,6.65,3.9,10.700000000000001
OCEAN POUT,1967,11.11,6.18,3.9,10.700000000000001
OCEAN POUT,1968,10.82,9.84,3.9,10.700000000000001
OCEAN POUT,1969,16.77,8.47,3.9,10.700000000000001
OCEAN POUT,1970,14.82,3.61,3.9,10.700000000000001
OCEAN POUT,1971,15.24,5.57,3.9,10.700000000000001
OCEAN POUT,1972,19.54,2.84,3.9,10.700000000000001
OCEAN POUT,1973,18.27,3.79,3.9,10.700000000000001
OCEAN POUT,1974,24.46,1.01,3.9,10.700000000000001
OCEAN POUT,1975,21.17,0.93,3.9,10.700000000000001
OCEAN POUT,1976,20.59,0.96,3.9,10.700000000000001
OCEAN POUT,1977,18.75,6.5,3.9,10.700000000000001
OCEAN POUT,1978,19.99,3.83,3.9,10.700000000000001
OCEAN POUT,1979,14.43,6.37,3.9,10.700000000000001
OCEAN POUT,1980,14.18,5.75,3.9,10.700000000000001
OCEAN POUT,1981,14.16,6.39,3.9,10.700000000000001
OCEAN POUT,1982,18.17,5.91,3.9,10.700000000000001
OCEAN POUT,1983,19.4,2.45,3.9,10.700000000000001
OCEAN POUT,1984,15.33,2.54,3.9,10.700000000000001
OCEAN POUT,1985,23.41,1.25,3.9,10.700000000000001
OCEAN POUT,1986,25.76,1.15,3.9,10.700000000000001
OCEAN POUT,1987,17.74,5.8,3.9,10.700000000000001
OCEAN POUT,1988,15.71,2.86,3.9,10.700000000000001
OCEAN POUT,1989,17.61,5.15,3.9,10.700000000000001
OCEAN POUT,1990,19.62,1.44,3.9,10.700000000000001
OCEAN POUT,1991,24.2,0.39,3.9,10.700000000000001
OCEAN POUT,1992,17.86,3.41,3.9,10.700000000000001
OCEAN POUT,1993,17.23,4.84,3.9,10.700000000000001
OCEAN POUT,1994,23.17,2.96,3.9,10.700000000000001
OCEAN POUT,1995,22.17,0.98,3.9,10.700000000000001
OCEAN POUT,1996,8.11,3.04,3.9,10.700000000000001
OCEAN POUT,1997,18.63,0.38,3.9,10.700000000000001
OCEAN POUT,1998,11.42,0.9,3.9,10.700000000000001
OCEAN POUT,1999,29.16,0.56,3.9,10.700000000000001
OCEAN POUT,2000,22.1,0.4,3.9,10.700000000000001
OCEAN POUT,2001,23.2,0.9,3.9,10.700000000000001
OCEAN POUT,2002,23.47,0.07,3.9,10.700000000000001
OCEAN POUT,2003,16.63,3.77,3.9,10.700000000000001
OCEAN POUT,2004,12.3,8.28,3.9,10.700000000000001
OCEAN POUT,2005,16.42,4.25,3.9,10.700000000000001
OCEAN POUT,2006,26.24,0.19,3.9,10.700000000000001
OCEAN POUT,2007,12.1,1.5,3.9,10.700000000000001
OCEAN POUT,2008,17.32,0.42,3.9,10.700000000000001
OCEAN POUT,2009,25.18,1.58,3.9,10.700000000000001
OCEAN POUT,2010,20.35,1.12,3.9,10.700000000000001
OCEAN POUT,2011,20.77,0.83,3.9,10.700000000000001
OCEAN POUT,2012,33.38,0.01,3.9,10.700000000000001
OCEAN POUT,2013,26.26,0.2,3.9,10.700000000000001
OCEAN POUT,2014,29.89,1.31,3.9,10.700000000000001
OCEAN POUT,2015,30.55,1.9,3.9,10.700000000000001
OCEAN POUT,2016,30.3,0.04,3.9,10.700000000000001
OCEAN POUT,2017,24.76,0.49,3.9,10.700000000000001
OCEAN POUT,2018,21.62,0.23,3.9,10.700000000000001
OCEAN POUT,2019,24.03,0.49,3.9,10.700000000000001
OCEAN POUT,2020,27.19,0.04,3.9,10.700000000000001
OCEAN POUT,2021,33.69,0,3.9,10.700000000000001
OCEAN POUT,2022,31.54,0.1,3.9,10.700000000000001
OCEAN POUT,2023,23.24,0.14,3.9,10.700000000000001
OCEAN POUT,2024,15.38,1.07,3.9,10.700000000000001
OFFSHORE HAKE,1959,0.65,52.29,7.372000000000001,13
OFFSHORE HAKE,1960,5.34,52.14,7.372000000000001,13
OFFSHORE HAKE,1961,1.32,53.64,7.372000000000001,13
OFFSHORE HAKE,1962,6.56,51.52,7.372000000000001,13
OFFSHORE HAKE,1963,3.02,46.44,7.372000000000001,13
OFFSHORE HAKE,1964,1.3,46.09,7.372000000000001,13
OFFSHORE HAKE,1965,4.85,50.23,7.372000000000001,13
OFFSHORE HAKE,1966,2.62,51.83,7.372000000000001,13
OFFSHORE HAKE,1967,2.36,50.16,7.372000000000001,13
OFFSHORE HAKE,1968,1.71,48.15,7.372000000000001,13
OFFSHORE HAKE,1969,8.05,50.3,7.372000000000001,13
OFFSHORE HAKE,1970,4.73,46.41,7.372000000000001,13
OFFSHORE HAKE,1971,3.54,48.17,7.372000000000001,13
OFFSHORE HAKE,1972,14.45,46.87,7.372000000000001,13
OFFSHORE HAKE,1973,7.88,47.17,7.372000000000001,13
OFFSHORE HAKE,1974,9.46,42.6,7.372000000000001,13
OFFSHORE HAKE,1975,9.69,31.45,7.372000000000001,13
OFFSHORE HAKE,1976,15.04,17.39,7.372000000000001,13
OFFSHORE HAKE,1977,6.18,40.85,7.372000000000001,13
OFFSHORE HAKE,1978,14.75,47.05,7.372000000000001,13
OFFSHORE HAKE,1979,2.08,45.96,7.372000000000001,13
OFFSHORE HAKE,1980,3.62,45.78,7.372000000000001,13
OFFSHORE HAKE,1981,2.12,44.26,7.372000000000001,13
OFFSHORE HAKE,1982,7.91,47,7.372000000000001,13
OFFSHORE HAKE,1983,9.31,45.3,7.372000000000001,13
OFFSHORE HAKE,1984,3.35,40.26,7.372000000000001,13
OFFSHORE HAKE,1985,10.22,40.23,7.372000000000001,13
OFFSHORE HAKE,1986,18.72,32.44,7.372000000000001,13
OFFSHORE HAKE,1987,15.49,34.79,7.372000000000001,13
OFFSHORE HAKE,1988,7.78,34.71,7.372000000000001,13
OFFSHORE HAKE,1989,10.89,39.74,7.372000000000001,13
OFFSHORE HAKE,1990,5.11,40.31,7.372000000000001,13
OFFSHORE HAKE,1991,10.83,31.76,7.372000000000001,13
OFFSHORE HAKE,1992,5.58,43.1,7.372000000000001,13
OFFSHORE HAKE,1993,2.88,44.31,7.372000000000001,13
OFFSHORE HAKE,1994,8.43,23.99,7.372000000000001,13
OFFSHORE HAKE,1995,13.75,19.08,7.372000000000001,13
OFFSHORE HAKE,1996,0.82,20.07,7.372000000000001,13
OFFSHORE HAKE,1997,4.45,25.13,7.372000000000001,13
OFFSHORE HAKE,1998,0.87,47.78,7.372000000000001,13
OFFSHORE HAKE,1999,16.97,40.54,7.372000000000001,13
OFFSHORE HAKE,2000,5.3,30,7.372000000000001,13
OFFSHORE HAKE,2001,10.87,29.92,7.372000000000001,13
OFFSHORE HAKE,2002,13.07,24.36,7.372000000000001,13
OFFSHORE HAKE,2003,2.71,42.05,7.372000000000001,13
OFFSHORE HAKE,2004,2.87,49.16,7.372000000000001,13
OFFSHORE HAKE,2005,5.87,48.03,7.372000000000001,13
OFFSHORE HAKE,2006,8.15,27.24,7.372000000000001,13
OFFSHORE HAKE,2007,2.59,43.14,7.372000000000001,13
OFFSHORE HAKE,2008,5.91,52.49,7.372000000000001,13
OFFSHORE HAKE,2009,13.98,49.89,7.372000000000001,13
OFFSHORE HAKE,2010,9.49,26.99,7.372000000000001,13
OFFSHORE HAKE,2011,13.27,5.59,7.372000000000001,13
OFFSHORE HAKE,2012,18.28,2.55,7.372000000000001,13
OFFSHORE HAKE,2013,13.67,15.78,7.372000000000001,13
OFFSHORE HAKE,2014,16.88,23.82,7.372000000000001,13
OFFSHORE HAKE,2015,19.51,22,7.372000000000001,13
OFFSHORE HAKE,2016,24.11,3.64,7.372000000000001,13
OFFSHORE HAKE,2017,16.2,12.8,7.372000000000001,13
OFFSHORE HAKE,2018,12.26,7.9,7.372000000000001,13
OFFSHORE HAKE,2019,22.95,11.32,7.372000000000001,13
OFFSHORE HAKE,2020,17.34,2.78,7.372000000000001,13
OFFSHORE HAKE,2021,32.1,0.55,7.372000000000001,13
OFFSHORE HAKE,2022,27.83,8.15,7.372000000000001,13
OFFSHORE HAKE,2023,17.42,5.82,7.372000000000001,13
OFFSHORE HAKE,2024,8.32,16.18,7.372000000000001,13
POLLOCK,1959,12.12,11.29,4.48,9.8
POLLOCK,1960,12.77,9.6,4.48,9.8
POLLOCK,1961,10.37,13.12,4.48,9.8
POLLOCK,1962,12.91,11.95,4.48,9.8
POLLOCK,1963,12.66,7.13,4.48,9.8
POLLOCK,1964,10.03,9.39,4.48,9.8
POLLOCK,1965,8.61,15.1,4.48,9.8
POLLOCK,1966,10.19,12.1,4.48,9.8
POLLOCK,1967,10.38,12.86,4.48,9.8
POLLOCK,1968,10.9,16.47,4.48,9.8
POLLOCK,1969,15.06,16.96,4.48,9.8
POLLOCK,1970,13.91,7.73,4.48,9.8
POLLOCK,1971,13.63,11.56,4.48,9.8
POLLOCK,1972,14.99,7.79,4.48,9.8
POLLOCK,1973,14.89,9.91,4.48,9.8
POLLOCK,1974,21.72,3.79,4.48,9.8
POLLOCK,1975,20.63,3.26,4.48,9.8
POLLOCK,1976,20.91,3.05,4.48,9.8
POLLOCK,1977,17.85,9.17,4.48,9.8
POLLOCK,1978,16.63,7.87,4.48,9.8
POLLOCK,1979,12.99,12.05,4.48,9.8
POLLOCK,1980,16.51,9.76,4.48,9.8
POLLOCK,1981,15.45,10.37,4.48,9.8
POLLOCK,1982,15.64,10.06,4.48,9.8
POLLOCK,1983,15.81,5.7,4.48,9.8
POLLOCK,1984,14.55,5.86,4.48,9.8
POLLOCK,1985,21.52,3.49,4.48,9.8
POLLOCK,1986,19.82,3.5,4.48,9.8
POLLOCK,1987,14.48,10.8,4.48,9.8
POLLOCK,1988,13.3,6.98,4.48,9.8
POLLOCK,1989,15.25,10.45,4.48,9.8
POLLOCK,1990,16.79,4.89,4.48,9.8
POLLOCK,1991,23.64,1.69,4.48,9.8
POLLOCK,1992,14.38,10.44,4.48,9.8
POLLOCK,1993,16.22,10.01,4.48,9.8
POLLOCK,1994,20.03,5.19,4.48,9.8
POLLOCK,1995,16.98,3.01,4.48,9.8
POLLOCK,1996,7.39,4.86,4.48,9.8
POLLOCK,1997,14.98,2.67,4.48,9.8
POLLOCK,1998,10.91,3.22,4.48,9.8
POLLOCK,1999,22.99,1.98,4.48,9.8
POLLOCK,2000,19.17,0.99,4.48,9.8
POLLOCK,2001,17.58,3.07,4.48,9.8
POLLOCK,2002,18.53,0.26,4.48,9.8
POLLOCK,2003,14.7,8.17,4.48,9.8
POLLOCK,2004,10.02,14.51,4.48,9.8
POLLOCK,2005,12.65,8.94,4.48,9.8
POLLOCK,2006,18.43,1.3,4.48,9.8
POLLOCK,2007,10.28,5.23,4.48,9.8
POLLOCK,2008,13.98,2.18,4.48,9.8
POLLOCK,2009,19.75,6.57,4.48,9.8
POLLOCK,2010,20.82,2.22,4.48,9.8
POLLOCK,2011,15.79,1.6,4.48,9.8
POLLOCK,2012,28.18,0.1,4.48,9.8
POLLOCK,2013,26.29,0.57,4.48,9.8
POLLOCK,2014,29.31,3.32,4.48,9.8
POLLOCK,2015,28.45,3.59,4.48,9.8
POLLOCK,2016,29.58,0.29,4.48,9.8
POLLOCK,2017,23.83,1.67,4.48,9.8
POLLOCK,2018,27.88,1.28,4.48,9.8
POLLOCK,2019,33.04,2.33,4.48,9.8
POLLOCK,2020,28.06,0.3,4.48,9.8
POLLOCK,2021,36.25,0,4.48,9.8
POLLOCK,2022,31.68,0.63,4.48,9.8
POLLOCK,2023,30.02,0.63,4.48,9.8
POLLOCK,2024,11.2,4.58,4.48,9.8
RED HAKE,1959,7.5,13.95,4.9,12.77
RED HAKE,1960,9.27,13.52,4.9,12.77
RED HAKE,1961,7.82,15.34,4.9,12.77
RED HAKE,1962,9.48,14.23,4.9,12.77
RED HAKE,1963,9.86,10.21,4.9,12.77
RED HAKE,1964,8.8,10.87,4.9,12.77
RED HAKE,1965,5.03,16.66,4.9,12.77
RED HAKE,1966,5.71,14.5,4.9,12.77
RED HAKE,1967,4.96,14.3,4.9,12.77
RED HAKE,1968,5.81,18.98,4.9,12.77
RED HAKE,1969,9.21,20.31,4.9,12.77
RED HAKE,1970,7.96,10.54,4.9,12.77
RED HAKE,1971,8.78,13.73,4.9,12.77
RED HAKE,1972,11.62,8.68,4.9,12.77
RED HAKE,1973,10.37,10.41,4.9,12.77
RED HAKE,1974,12.75,4.26,4.9,12.77
RED HAKE,1975,13.22,4.44,4.9,12.77
RED HAKE,1976,9.96,3.81,4.9,12.77
RED HAKE,1977,11.18,12.81,4.9,12.77
RED HAKE,1978,13.23,11.22,4.9,12.77
RED HAKE,1979,6.85,14,4.9,12.77
RED HAKE,1980,5.41,13.44,4.9,12.77
RED HAKE,1981,5.95,15.78,4.9,12.77
RED HAKE,1982,11.54,14.99,4.9,12.77
RED HAKE,1983,11.9,6.62,4.9,12.77
RED HAKE,1984,7.59,8.38,4.9,12.77
RED HAKE,1985,14.32,5.86,4.9,12.77
RED HAKE,1986,16.32,4.64,4.9,12.77
RED HAKE,1987,11.04,11.55,4.9,12.77
RED HAKE,1988,9.22,8.64,4.9,12.77
RED HAKE,1989,10.87,10.9,4.9,12.77
RED HAKE,1990,10.7,6.17,4.9,12.77
RED HAKE,1991,13.93,2.53,4.9,12.77
RED HAKE,1992,9.04,11.42,4.9,12.77
RED HAKE,1993,7.65,12.6,4.9,12.77
RED HAKE,1994,13.62,8.45,4.9,12.77
RED HAKE,1995,14.64,3.49,4.9,12.77
RED HAKE,1996,4.59,10.09,4.9,12.77
RED HAKE,1997,9.8,3.65,4.9,12.77
RED HAKE,1998,5.43,4.11,4.9,12.77
RED HAKE,1999,19.16,2.8,4.9,12.77
RED HAKE,2000,9.99,1.67,4.9,12.77
RED HAKE,2001,14.85,4.94,4.9,12.77
RED HAKE,2002,15.88,0.33,4.9,12.77
RED HAKE,2003,7.32,11.02,4.9,12.77
RED HAKE,2004,6.17,17.59,4.9,12.77
RED HAKE,2005,8.66,12.46,4.9,12.77
RED HAKE,2006,14.52,2.39,4.9,12.77
RED HAKE,2007,7.04,6.38,4.9,12.77
RED HAKE,2008,10.62,3.91,4.9,12.77
RED HAKE,2009,16.34,7.94,4.9,12.77
RED HAKE,2010,12.3,4.33,4.9,12.77
RED HAKE,2011,14.95,4.27,4.9,12.77
RED HAKE,2012,20.01,0.17,4.9,12.77
RED HAKE,2013,16.8,1.51,4.9,12.77
RED HAKE,2014,19.74,4.64,4.9,12.77
RED HAKE,2015,22.1,4.9,4.9,12.77
RED HAKE,2016,21.34,0.48,4.9,12.77
RED HAKE,2017,17.29,2.1,4.9,12.77
RED HAKE,2018,11.83,2.88,4.9,12.77
RED HAKE,2019,18.3,3.58,4.9,12.77
RED HAKE,2020,15.67,0.38,4.9,12.77
RED HAKE,2021,17.61,0.19,4.9,12.77
RED HAKE,2022,21.24,1.11,4.9,12.77
RED HAKE,2023,15.11,0.74,4.9,12.77
RED HAKE,2024,11.32,5.15,4.9,12.77
ROSETTE SKATE,1959,2.51,42.92,9.14,14.33
ROSETTE SKATE,1960,5.54,35.32,9.14,14.33
ROSETTE SKATE,1961,3.95,40.46,9.14,14.33
ROSETTE SKATE,1962,4.85,28.2,9.14,14.33
ROSETTE SKATE,1963,5.02,28.78,9.14,14.33
ROSETTE SKATE,1964,3.81,37.47,9.14,14.33
ROSETTE SKATE,1965,3.26,41.44,9.14,14.33
ROSETTE SKATE,1966,3.46,46.47,9.14,14.33
ROSETTE SKATE,1967,1.91,35.21,9.14,14.33
ROSETTE SKATE,1968,2.64,37.98,9.14,14.33
ROSETTE SKATE,1969,7.16,36.26,9.14,14.33
ROSETTE SKATE,1970,5.33,27.75,9.14,14.33
ROSETTE SKATE,1971,4.18,36,9.14,14.33
ROSETTE SKATE,1972,7.66,22.43,9.14,14.33
ROSETTE SKATE,1973,8.01,29.05,9.14,14.33
ROSETTE SKATE,1974,6.05,17.4,9.14,14.33
ROSETTE SKATE,1975,14.48,25.61,9.14,14.33
ROSETTE SKATE,1976,5.65,17.29,9.14,14.33
ROSETTE SKATE,1977,10.15,27.98,9.14,14.33
ROSETTE SKATE,1978,12.48,20.56,9.14,14.33
ROSETTE SKATE,1979,2.86,31.19,9.14,14.33
ROSETTE SKATE,1980,2.03,32.45,9.14,14.33
ROSETTE SKATE,1981,1.18,35.41,9.14,14.33
ROSETTE SKATE,1982,9.06,28.57,9.14,14.33
ROSETTE SKATE,1983,9.82,21.95,9.14,14.33
ROSETTE SKATE,1984,2.33,35.13,9.14,14.33
ROSETTE SKATE,1985,10.97,18.97,9.14,14.33
ROSETTE SKATE,1986,18.4,13.3,9.14,14.33
ROSETTE SKATE,1987,11.88,26.36,9.14,14.33
ROSETTE SKATE,1988,7.76,26.12,9.14,14.33
ROSETTE SKATE,1989,6.92,25.87,9.14,14.33
ROSETTE SKATE,1990,3.29,20.69,9.14,14.33
ROSETTE SKATE,1991,12.31,16.9,9.14,14.33
ROSETTE SKATE,1992,3.92,20.02,9.14,14.33
ROSETTE SKATE,1993,1.82,32.04,9.14,14.33
ROSETTE SKATE,1994,3.96,20.4,9.14,14.33
ROSETTE SKATE,1995,2.82,23.53,9.14,14.33
ROSETTE SKATE,1996,0.22,51.94,9.14,14.33
ROSETTE SKATE,1997,1.1,22.45,9.14,14.33
ROSETTE SKATE,1998,1.49,47.1,9.14,14.33
ROSETTE SKATE,1999,16.51,15.61,9.14,14.33
ROSETTE SKATE,2000,3.47,17.96,9.14,14.33
ROSETTE SKATE,2001,9.42,29.5,9.14,14.33
ROSETTE SKATE,2002,7.62,18.28,9.14,14.33
ROSETTE SKATE,2003,0.98,33.66,9.14,14.33
ROSETTE SKATE,2004,1.91,45.8,9.14,14.33
ROSETTE SKATE,2005,2.2,36.18,9.14,14.33
ROSETTE SKATE,2006,4.77,16.97,9.14,14.33
ROSETTE SKATE,2007,1.17,46.93,9.14,14.33
ROSETTE SKATE,2008,5.57,25.51,9.14,14.33
ROSETTE SKATE,2009,14.96,18.02,9.14,14.33
ROSETTE SKATE,2010,4.7,26.03,9.14,14.33
ROSETTE SKATE,2011,9.85,25.61,9.14,14.33
ROSETTE SKATE,2012,15.5,11.97,9.14,14.33
ROSETTE SKATE,2013,9.65,17.48,9.14,14.33
ROSETTE SKATE,2014,19.85,16.15,9.14,14.33
ROSETTE SKATE,2015,23.9,12.68,9.14,14.33
ROSETTE SKATE,2016,16.81,10.55,9.14,14.33
ROSETTE SKATE,2017,12.68,21.29,9.14,14.33
ROSETTE SKATE,2018,7.96,22.23,9.14,14.33
ROSETTE SKATE,2019,26.32,23.47,9.14,14.33
ROSETTE SKATE,2020,8.83,17.31,9.14,14.33
ROSETTE SKATE,2021,18.44,0.98,9.14,14.33
ROSETTE SKATE,2022,15.37,10.46,9.14,14.33
ROSETTE SKATE,2023,11.94,18.92,9.14,14.33
ROSETTE SKATE,2024,10.73,40.94,9.14,14.33
SEA SCALLOP,1959,19.32,15.73,5,10
SEA SCALLOP,1960,20.93,15.6,5,10
SEA SCALLOP,1961,18.7,17.42,5,10
SEA SCALLOP,1962,22.95,16.32,5,10
SEA SCALLOP,1963,21.65,11.48,5,10
SEA SCALLOP,1964,20.07,12.03,5,10
SEA SCALLOP,1965,15.11,18.41,5,10
SEA SCALLOP,1966,16.78,16.25,5,10
SEA SCALLOP,1967,17.61,15.89,5,10
SEA SCALLOP,1968,17.6,21.38,5,10
SEA SCALLOP,1969,21.87,22.98,5,10
SEA SCALLOP,1970,21.61,12.08,5,10
SEA SCALLOP,1971,19.82,15.47,5,10
SEA SCALLOP,1972,26.22,9.95,5,10
SEA SCALLOP,1973,24.05,11.69,5,10
SEA SCALLOP,1974,32.26,4.99,5,10
SEA SCALLOP,1975,28.41,5.14,5,10
SEA SCALLOP,1976,29.59,4.23,5,10
SEA SCALLOP,1977,25.53,14.47,5,10
SEA SCALLOP,1978,27.1,12.99,5,10
SEA SCALLOP,1979,20.97,15.9,5,10
SEA SCALLOP,1980,20.23,15.28,5,10
SEA SCALLOP,1981,20.35,18.31,5,10
SEA SCALLOP,1982,24.54,17.31,5,10
SEA SCALLOP,1983,27.12,7.42,5,10
SEA SCALLOP,1984,20.71,9.41,5,10
SEA SCALLOP,1985,30.6,6.79,5,10
SEA SCALLOP,1986,32.89,5.17,5,10
SEA SCALLOP,1987,24.47,12.71,5,10
SEA SCALLOP,1988,22.79,9.56,5,10
SEA SCALLOP,1989,24.68,11.99,5,10
SEA SCALLOP,1990,28.8,7.17,5,10
SEA SCALLOP,1991,32.38,2.88,5,10
SEA SCALLOP,1992,26.14,13.04,5,10
SEA SCALLOP,1993,23.2,14.02,5,10
SEA SCALLOP,1994,29.33,9.49,5,10
SEA SCALLOP,1995,27.53,3.92,5,10
SEA SCALLOP,1996,13.3,11.3,5,10
SEA SCALLOP,1997,25.87,4.15,5,10
SEA SCALLOP,1998,18.55,4.82,5,10
SEA SCALLOP,1999,35.73,3.3,5,10
SEA SCALLOP,2000,30.88,1.79,5,10
SEA SCALLOP,2001,27.99,5.66,5,10
SEA SCALLOP,2002,31.61,0.35,5,10
SEA SCALLOP,2003,22.97,12.71,5,10
SEA SCALLOP,2004,16.46,19.96,5,10
SEA SCALLOP,2005,21.73,14.05,5,10
SEA SCALLOP,2006,33.58,2.91,5,10
SEA SCALLOP,2007,18.62,7.34,5,10
SEA SCALLOP,2008,26.06,4.91,5,10
SEA SCALLOP,2009,30.85,9.03,5,10
SEA SCALLOP,2010,26.23,4.69,5,10
SEA SCALLOP,2011,26.67,4.85,5,10
SEA SCALLOP,2012,43.38,0.18,5,10
SEA SCALLOP,2013,35.72,1.72,5,10
SEA SCALLOP,2014,37.98,5.14,5,10
SEA SCALLOP,2015,37.75,5.33,5,10
SEA SCALLOP,2016,39.24,0.5,5,10
SEA SCALLOP,2017,30.92,2.55,5,10
SEA SCALLOP,2018,30.3,3.29,5,10
SEA SCALLOP,2019,36.09,4.15,5,10
SEA SCALLOP,2020,36.39,0.36,5,10
SEA SCALLOP,2021,47.6,0.09,5,10
SEA SCALLOP,2022,42.13,0.9,5,10
SEA SCALLOP,2023,37.01,0.6,5,10
SEA SCALLOP,2024,21.39,5.38,5,10
SILVER HAKE,1959,5.99,14.93,5,13.597999999999992
SILVER HAKE,1960,7.25,14.89,5,13.597999999999992
SILVER HAKE,1961,6.58,16.67,5,13.597999999999992
SILVER HAKE,1962,7.5,15.58,5,13.597999999999992
SILVER HAKE,1963,8.07,11.26,5,13.597999999999992
SILVER HAKE,1964,7.27,11.74,5,13.597999999999992
SILVER HAKE,1965,3.56,17.35,5,13.597999999999992
SILVER HAKE,1966,4.24,15.46,5,13.597999999999992
SILVER HAKE,1967,3.73,15.13,5,13.597999999999992
SILVER HAKE,1968,4.73,19.98,5,13.597999999999992
SILVER HAKE,1969,6.3,21.5,5,13.597999999999992
SILVER HAKE,1970,5.72,11.66,5,13.597999999999992
SILVER HAKE,1971,6.57,14.6,5,13.597999999999992
SILVER HAKE,1972,8.08,9.5,5,13.597999999999992
SILVER HAKE,1973,7.62,11.16,5,13.597999999999992
SILVER HAKE,1974,8.68,4.7,5,13.597999999999992
SILVER HAKE,1975,11.24,5,5,13.597999999999992
SILVER HAKE,1976,7.1,4.24,5,13.597999999999992
SILVER HAKE,1977,9.08,13.49,5,13.597999999999992
SILVER HAKE,1978,10.13,12.34,5,13.597999999999992
SILVER HAKE,1979,5.2,14.98,5,13.597999999999992
SILVER HAKE,1980,3.7,14.35,5,13.597999999999992
SILVER HAKE,1981,4.17,16.98,5,13.597999999999992
SILVER HAKE,1982,8.95,16.07,5,13.597999999999992
SILVER HAKE,1983,9.27,7.15,5,13.597999999999992
SILVER HAKE,1984,5.76,9.2,5,13.597999999999992
SILVER HAKE,1985,11.74,6.65,5,13.597999999999992
SILVER HAKE,1986,12.57,5.23,5,13.597999999999992
SILVER HAKE,1987,8.53,12.2,5,13.597999999999992
SILVER HAKE,1988,7.19,9.36,5,13.597999999999992
SILVER HAKE,1989,8.49,11.52,5,13.597999999999992
SILVER HAKE,1990,8.48,6.78,5,13.597999999999992
SILVER HAKE,1991,10.96,2.86,5,13.597999999999992
SILVER HAKE,1992,7.01,12.3,5,13.597999999999992
SILVER HAKE,1993,5.77,13.19,5,13.597999999999992
SILVER HAKE,1994,9.29,8.98,5,13.597999999999992
SILVER HAKE,1995,10.2,3.95,5,13.597999999999992
SILVER HAKE,1996,4.6,10.92,5,13.597999999999992
SILVER HAKE,1997,7.33,4.14,5,13.597999999999992
SILVER HAKE,1998,5.4,4.87,5,13.597999999999992
SILVER HAKE,1999,14.52,3.31,5,13.597999999999992
SILVER HAKE,2000,8.28,1.9,5,13.597999999999992
SILVER HAKE,2001,10.66,5.6,5,13.597999999999992
SILVER HAKE,2002,12.43,0.44,5,13.597999999999992
SILVER HAKE,2003,5.41,11.79,5,13.597999999999992
SILVER HAKE,2004,5.27,18.49,5,13.597999999999992
SILVER HAKE,2005,6.2,13.22,5,13.597999999999992
SILVER HAKE,2006,10.31,2.79,5,13.597999999999992
SILVER HAKE,2007,6.41,6.98,5,13.597999999999992
SILVER HAKE,2008,9,4.69,5,13.597999999999992
SILVER HAKE,2009,13.47,8.56,5,13.597999999999992
SILVER HAKE,2010,8.55,4.76,5,13.597999999999992
SILVER HAKE,2011,11.9,4.85,5,13.597999999999992
SILVER HAKE,2012,15.2,0.2,5,13.597999999999992
SILVER HAKE,2013,13.34,1.74,5,13.597999999999992
SILVER HAKE,2014,16.6,5.09,5,13.597999999999992
SILVER HAKE,2015,18.77,5.29,5,13.597999999999992
SILVER HAKE,2016,16.09,0.57,5,13.597999999999992
SILVER HAKE,2017,14.51,2.44,5,13.597999999999992
SILVER HAKE,2018,9,3.28,5,13.597999999999992
SILVER HAKE,2019,16.07,4.19,5,13.597999999999992
SILVER HAKE,2020,12.28,0.52,5,13.597999999999992
SILVER HAKE,2021,11.01,0.2,5,13.597999999999992
SILVER HAKE,2022,16.51,1.21,5,13.597999999999992
SILVER HAKE,2023,13.2,1.04,5,13.597999999999992
SILVER HAKE,2024,10.73,6.01,5,13.597999999999992
SMOOTH SKATE,1959,3.7,17.75,5,9.36
SMOOTH SKATE,1960,3.07,19.3,5,9.36
SMOOTH SKATE,1961,2.1,22.07,5,9.36
SMOOTH SKATE,1962,3.19,22.97,5,9.36
SMOOTH SKATE,1963,2.9,11.79,5,9.36
SMOOTH SKATE,1964,2.19,12.18,5,9.36
SMOOTH SKATE,1965,1.94,18.1,5,9.36
SMOOTH SKATE,1966,3.09,16.72,5,9.36
SMOOTH SKATE,1967,2.79,19.25,5,9.36
SMOOTH SKATE,1968,4.23,25.11,5,9.36
SMOOTH SKATE,1969,5.04,29.96,5,9.36
SMOOTH SKATE,1970,7.24,12.37,5,9.36
SMOOTH SKATE,1971,4.66,16.93,5,9.36
SMOOTH SKATE,1972,5.62,13.49,5,9.36
SMOOTH SKATE,1973,4.46,15.74,5,9.36
SMOOTH SKATE,1974,13.82,6.45,5,9.36
SMOOTH SKATE,1975,18.78,4.69,5,9.36
SMOOTH SKATE,1976,18.71,3.27,5,9.36
SMOOTH SKATE,1977,9.91,12.55,5,9.36
SMOOTH SKATE,1978,7.61,13.47,5,9.36
SMOOTH SKATE,1979,4.51,17.37,5,9.36
SMOOTH SKATE,1980,11.46,14.91,5,9.36
SMOOTH SKATE,1981,8.81,18.8,5,9.36
SMOOTH SKATE,1982,5.57,16.81,5,9.36
SMOOTH SKATE,1983,6.26,10.06,5,9.36
SMOOTH SKATE,1984,8.42,8,5,9.36
SMOOTH SKATE,1985,15.34,5.8,5,9.36
SMOOTH SKATE,1986,10.66,5.37,5,9.36
SMOOTH SKATE,1987,5.47,14.45,5,9.36
SMOOTH SKATE,1988,4.62,8.1,5,9.36
SMOOTH SKATE,1989,6.92,14.71,5,9.36
SMOOTH SKATE,1990,10.01,9.05,5,9.36
SMOOTH SKATE,1991,15.81,2.81,5,9.36
SMOOTH SKATE,1992,4.71,19.71,5,9.36
SMOOTH SKATE,1993,9.06,13.11,5,9.36
SMOOTH SKATE,1994,10.5,5.2,5,9.36
SMOOTH SKATE,1995,8.05,4.91,5,9.36
SMOOTH SKATE,1996,1.62,6.05,5,9.36
SMOOTH SKATE,1997,5.52,3.95,5,9.36
SMOOTH SKATE,1998,1.98,6.11,5,9.36
SMOOTH SKATE,1999,14.28,4.17,5,9.36
SMOOTH SKATE,2000,7.82,1.38,5,9.36
SMOOTH SKATE,2001,5.54,5.24,5,9.36
SMOOTH SKATE,2002,9.43,0.65,5,9.36
SMOOTH SKATE,2003,6.6,12.02,5,9.36
SMOOTH SKATE,2004,2.75,19.11,5,9.36
SMOOTH SKATE,2005,4.61,11.9,5,9.36
SMOOTH SKATE,2006,7.48,2.41,5,9.36
SMOOTH SKATE,2007,2.82,7.23,5,9.36
SMOOTH SKATE,2008,4.88,5.27,5,9.36
SMOOTH SKATE,2009,9.62,9.77,5,9.36
SMOOTH SKATE,2010,15.73,2.62,5,9.36
SMOOTH SKATE,2011,9.05,2.19,5,9.36
SMOOTH SKATE,2012,18.03,0.33,5,9.36
SMOOTH SKATE,2013,24.07,1.4,5,9.36
SMOOTH SKATE,2014,28.91,3.68,5,9.36
SMOOTH SKATE,2015,32.49,4.58,5,9.36
SMOOTH SKATE,2016,29.19,0.38,5,9.36
SMOOTH SKATE,2017,25.53,3.26,5,9.36
SMOOTH SKATE,2018,33.2,1.16,5,9.36
SMOOTH SKATE,2019,43.26,3.52,5,9.36
SMOOTH SKATE,2020,46.2,0.62,5,9.36
SMOOTH SKATE,2021,53.31,0,5,9.36
SMOOTH SKATE,2022,36.26,0.58,5,9.36
SMOOTH SKATE,2023,40.81,1.22,5,9.36
SMOOTH SKATE,2024,3.69,5.96,5,9.36
THORNY SKATE,1959,4.93,0,2,9.700000000000001
THORNY SKATE,1960,4.93,0,2,9.700000000000001
THORNY SKATE,1961,3.5,0,2,9.700000000000001
THORNY SKATE,1962,5.59,0,2,9.700000000000001
THORNY SKATE,1963,5.37,0,2,9.700000000000001
THORNY SKATE,1964,3.55,0,2,9.700000000000001
THORNY SKATE,1965,3.04,0,2,9.700000000000001
THORNY SKATE,1966,3.92,0,2,9.700000000000001
THORNY SKATE,1967,4.53,0,2,9.700000000000001
THORNY SKATE,1968,5.26,0,2,9.700000000000001
THORNY SKATE,1969,7.46,0,2,9.700000000000001
THORNY SKATE,1970,7.94,0,2,9.700000000000001
THORNY SKATE,1971,6.82,0,2,9.700000000000001
THORNY SKATE,1972,7.77,0,2,9.700000000000001
THORNY SKATE,1973,7.25,0,2,9.700000000000001
THORNY SKATE,1974,14.93,0,2,9.700000000000001
THORNY SKATE,1975,14.65,0,2,9.700000000000001
THORNY SKATE,1976,16.15,0,2,9.700000000000001
THORNY SKATE,1977,11.21,0,2,9.700000000000001
THORNY SKATE,1978,9.75,0,2,9.700000000000001
THORNY SKATE,1979,6.12,0,2,9.700000000000001
THORNY SKATE,1980,11.73,0,2,9.700000000000001
THORNY SKATE,1981,9.55,0,2,9.700000000000001
THORNY SKATE,1982,7.71,0,2,9.700000000000001
THORNY SKATE,1983,8.44,0,2,9.700000000000001
THORNY SKATE,1984,8.55,0,2,9.700000000000001
THORNY SKATE,1985,14.75,0,2,9.700000000000001
THORNY SKATE,1986,11.96,0,2,9.700000000000001
THORNY SKATE,1987,6.96,0,2,9.700000000000001
THORNY SKATE,1988,6.21,0,2,9.700000000000001
THORNY SKATE,1989,8.04,0,2,9.700000000000001
THORNY SKATE,1990,9.88,0,2,9.700000000000001
THORNY SKATE,1991,16.36,0,2,9.700000000000001
THORNY SKATE,1992,6.94,0,2,9.700000000000001
THORNY SKATE,1993,9.9,0,2,9.700000000000001
THORNY SKATE,1994,12.25,0,2,9.700000000000001
THORNY SKATE,1995,9.54,0,2,9.700000000000001
THORNY SKATE,1996,1.91,0,2,9.700000000000001
THORNY SKATE,1997,7.73,0,2,9.700000000000001
THORNY SKATE,1998,3.91,0,2,9.700000000000001
THORNY SKATE,1999,15.05,0,2,9.700000000000001
THORNY SKATE,2000,10.24,0,2,9.700000000000001
THORNY SKATE,2001,8.21,0,2,9.700000000000001
THORNY SKATE,2002,11.5,0,2,9.700000000000001
THORNY SKATE,2003,8.31,0,2,9.700000000000001
THORNY SKATE,2004,4.24,0,2,9.700000000000001
THORNY SKATE,2005,6.37,0,2,9.700000000000001
THORNY SKATE,2006,10.02,0,2,9.700000000000001
THORNY SKATE,2007,3.6,0,2,9.700000000000001
THORNY SKATE,2008,6.86,0,2,9.700000000000001
THORNY SKATE,2009,12.1,0,2,9.700000000000001
THORNY SKATE,2010,14.66,0,2,9.700000000000001
THORNY SKATE,2011,8.93,0,2,9.700000000000001
THORNY SKATE,2012,18.98,0,2,9.700000000000001
THORNY SKATE,2013,21.37,0,2,9.700000000000001
THORNY SKATE,2014,24.69,0,2,9.700000000000001
THORNY SKATE,2015,24.12,0,2,9.700000000000001
THORNY SKATE,2016,24.34,0,2,9.700000000000001
THORNY SKATE,2017,18.89,0,2,9.700000000000001
THORNY SKATE,2018,25.93,0,2,9.700000000000001
THORNY SKATE,2019,34.37,0,2,9.700000000000001
THORNY SKATE,2020,25.89,0,2,9.700000000000001
THORNY SKATE,2021,36.07,0,2,9.700000000000001
THORNY SKATE,2022,27.36,0,2,9.700000000000001
THORNY SKATE,2023,27.81,0,2,9.700000000000001
THORNY SKATE,2024,3.96,0.02,2,9.700000000000001
WHITE HAKE,1959,9.71,20.57,5.3,11.09
WHITE HAKE,1960,11.99,22.63,5.3,11.09
WHITE HAKE,1961,9.3,24.91,5.3,11.09
WHITE HAKE,1962,12.8,23.28,5.3,11.09
WHITE HAKE,1963,11.6,15.75,5.3,11.09
WHITE HAKE,1964,8.41,16.06,5.3,11.09
WHITE HAKE,1965,7.59,22,5.3,11.09
WHITE HAKE,1966,7.08,20.32,5.3,11.09
WHITE HAKE,1967,8.48,20.89,5.3,11.09
WHITE HAKE,1968,8.1,26.1,5.3,11.09
WHITE HAKE,1969,13.48,28.55,5.3,11.09
WHITE HAKE,1970,11.69,16.94,5.3,11.09
WHITE HAKE,1971,11.96,19.96,5.3,11.09
WHITE HAKE,1972,16.41,14.87,5.3,11.09
WHITE HAKE,1973,14.63,16.75,5.3,11.09
WHITE HAKE,1974,19.71,8.57,5.3,11.09
WHITE HAKE,1975,17.6,8.21,5.3,11.09
WHITE HAKE,1976,17.51,6.52,5.3,11.09
WHITE HAKE,1977,15.25,16.23,5.3,11.09
WHITE HAKE,1978,17.37,17.83,5.3,11.09
WHITE HAKE,1979,11.84,20.41,5.3,11.09
WHITE HAKE,1980,12.57,18.61,5.3,11.09
WHITE HAKE,1981,11.45,22.41,5.3,11.09
WHITE HAKE,1982,15.09,21.46,5.3,11.09
WHITE HAKE,1983,15.78,11.45,5.3,11.09
WHITE HAKE,1984,12.2,11.66,5.3,11.09
WHITE HAKE,1985,19.9,9.77,5.3,11.09
WHITE HAKE,1986,21.54,7.95,5.3,11.09
WHITE HAKE,1987,15.15,15.47,5.3,11.09
WHITE HAKE,1988,12.77,12.24,5.3,11.09
WHITE HAKE,1989,15.01,15.91,5.3,11.09
WHITE HAKE,1990,14.63,11.45,5.3,11.09
WHITE HAKE,1991,19.86,5.04,5.3,11.09
WHITE HAKE,1992,13.79,19.34,5.3,11.09
WHITE HAKE,1993,14.96,17.13,5.3,11.09
WHITE HAKE,1994,20.05,10.72,5.3,11.09
WHITE HAKE,1995,19.61,7.19,5.3,11.09
WHITE HAKE,1996,5.77,12.58,5.3,11.09
WHITE HAKE,1997,15,6.95,5.3,11.09
WHITE HAKE,1998,6.67,9.49,5.3,11.09
WHITE HAKE,1999,22.96,6.52,5.3,11.09
WHITE HAKE,2000,16.8,3.23,5.3,11.09
WHITE HAKE,2001,20.31,8.9,5.3,11.09
WHITE HAKE,2002,18.77,1.02,5.3,11.09
WHITE HAKE,2003,13.79,17.25,5.3,11.09
WHITE HAKE,2004,9.3,24.9,5.3,11.09
WHITE HAKE,2005,13.69,17.79,5.3,11.09
WHITE HAKE,2006,20.11,5.25,5.3,11.09
WHITE HAKE,2007,8.6,11.62,5.3,11.09
WHITE HAKE,2008,12.75,9.16,5.3,11.09
WHITE HAKE,2009,21.29,13.16,5.3,11.09
WHITE HAKE,2010,17.87,5.05,5.3,11.09
WHITE HAKE,2011,16.24,6.91,5.3,11.09
WHITE HAKE,2012,25.73,0.42,5.3,11.09
WHITE HAKE,2013,21.55,2.65,5.3,11.09
WHITE HAKE,2014,23.89,7.44,5.3,11.09
WHITE HAKE,2015,25.09,6.42,5.3,11.09
WHITE HAKE,2016,25.26,1.28,5.3,11.09
WHITE HAKE,2017,21.61,4.69,5.3,11.09
WHITE HAKE,2018,18.32,4.94,5.3,11.09
WHITE HAKE,2019,19.69,7.06,5.3,11.09
WHITE HAKE,2020,19.45,1.05,5.3,11.09
WHITE HAKE,2021,28.97,0.43,5.3,11.09
WHITE HAKE,2022,25.39,1.63,5.3,11.09
WHITE HAKE,2023,16.9,1.83,5.3,11.09
WHITE HAKE,2024,12,9.61,5.3,11.09
WINDOWPANE,1959,0.7,10.67,4.37,19.16
WINDOWPANE,1960,0.72,8.59,4.37,19.16
WINDOWPANE,1961,0.44,11.36,4.37,19.16
WINDOWPANE,1962,0.9,9.06,4.37,19.16
WINDOWPANE,1963,0.46,8.14,4.37,19.16
WINDOWPANE,1964,0.71,8.32,4.37,19.16
WINDOWPANE,1965,0.2,15.87,4.37,19.16
WINDOWPANE,1966,0.48,12.87,4.37,19.16
WINDOWPANE,1967,0.26,11.78,4.37,19.16
WINDOWPANE,1968,0.69,15.08,4.37,19.16
WINDOWPANE,1969,0.54,13.92,4.37,19.16
WINDOWPANE,1970,0.73,8.33,4.37,19.16
WINDOWPANE,1971,0.63,11.05,4.37,19.16
WINDOWPANE,1972,0.81,6.13,4.37,19.16
WINDOWPANE,1973,0.86,7.96,4.37,19.16
WINDOWPANE,1974,1,2.82,4.37,19.16
WINDOWPANE,1975,0.77,3.07,4.37,19.16
WINDOWPANE,1976,0.67,2.92,4.37,19.16
WINDOWPANE,1977,0.36,12.27,4.37,19.16
WINDOWPANE,1978,0.59,8.72,4.37,19.16
WINDOWPANE,1979,0.46,11.4,4.37,19.16
WINDOWPANE,1980,0.29,11.22,4.37,19.16
WINDOWPANE,1981,0.49,12.78,4.37,19.16
WINDOWPANE,1982,0.52,11.94,4.37,19.16
WINDOWPANE,1983,1.15,5.24,4.37,19.16
WINDOWPANE,1984,0.38,6.38,4.37,19.16
WINDOWPANE,1985,1.77,4.07,4.37,19.16
WINDOWPANE,1986,1.35,3.46,4.37,19.16
WINDOWPANE,1987,0.88,9.88,4.37,19.16
WINDOWPANE,1988,0.61,7.62,4.37,19.16
WINDOWPANE,1989,1.23,9.18,4.37,19.16
WINDOWPANE,1990,1.51,4.04,4.37,19.16
WINDOWPANE,1991,1.2,1.52,4.37,19.16
WINDOWPANE,1992,0.74,6.95,4.37,19.16
WINDOWPANE,1993,1.53,10.63,4.37,19.16
WINDOWPANE,1994,2.16,7.86,4.37,19.16
WINDOWPANE,1995,3.73,2.18,4.37,19.16
WINDOWPANE,1996,1.47,7.72,4.37,19.16
WINDOWPANE,1997,2.43,1.63,4.37,19.16
WINDOWPANE,1998,1.93,1.69,4.37,19.16
WINDOWPANE,1999,3.65,1.42,4.37,19.16
WINDOWPANE,2000,2.29,1,4.37,19.16
WINDOWPANE,2001,2.39,2.58,4.37,19.16
WINDOWPANE,2002,3.26,0.04,4.37,19.16
WINDOWPANE,2003,1.86,8.81,4.37,19.16
WINDOWPANE,2004,1.66,15.53,4.37,19.16
WINDOWPANE,2005,1.63,9.96,4.37,19.16
WINDOWPANE,2006,2.85,0.77,4.37,19.16
WINDOWPANE,2007,2.22,4.57,4.37,19.16
WINDOWPANE,2008,3.2,1.41,4.37,19.16
WINDOWPANE,2009,2.89,5.27,4.37,19.16
WINDOWPANE,2010,2.67,3.39,4.37,19.16
WINDOWPANE,2011,3.3,3.19,4.37,19.16
WINDOWPANE,2012,3.95,0.01,4.37,19.16
WINDOWPANE,2013,3,0.72,4.37,19.16
WINDOWPANE,2014,4.23,3.48,4.37,19.16
WINDOWPANE,2015,4.41,4.39,4.37,19.16
WINDOWPANE,2016,4.25,0.19,4.37,19.16
WINDOWPANE,2017,3.51,1.07,4.37,19.16
WINDOWPANE,2018,2.19,1.44,4.37,19.16
WINDOWPANE,2019,3.74,2.09,4.37,19.16
WINDOWPANE,2020,3.88,0.05,4.37,19.16
WINDOWPANE,2021,0,0,4.37,19.16
WINDOWPANE,2022,5.69,0.71,4.37,19.16
WINDOWPANE,2023,5.82,0.13,4.37,19.16
WINDOWPANE,2024,5.85,2.15,4.37,19.16
WINTER FLOUNDER,1959,1.81,1.6,3,16
WINTER FLOUNDER,1960,2.22,0.89,3,16
WINTER FLOUNDER,1961,2.33,1.74,3,16
WINTER FLOUNDER,1962,2.17,1.22,3,16
WINTER FLOUNDER,1963,2.67,1.16,3,16
WINTER FLOUNDER,1964,2.56,1.19,3,16
WINTER FLOUNDER,1965,0.75,3.95,3,16
WINTER FLOUNDER,1966,1.23,2.27,3,16
WINTER FLOUNDER,1967,1.23,1.84,3,16
WINTER FLOUNDER,1968,1.63,3.59,3,16
WINTER FLOUNDER,1969,1.54,2.63,3,16
WINTER FLOUNDER,1970,1.61,1.21,3,16
WINTER FLOUNDER,1971,1.68,1.97,3,16
WINTER FLOUNDER,1972,2.01,1.02,3,16
WINTER FLOUNDER,1973,1.72,1.22,3,16
WINTER FLOUNDER,1974,2.41,0.22,3,16
WINTER FLOUNDER,1975,3.8,0.23,3,16
WINTER FLOUNDER,1976,1.56,0.4,3,16
WINTER FLOUNDER,1977,1.86,2.85,3,16
WINTER FLOUNDER,1978,2.55,1.64,3,16
WINTER FLOUNDER,1979,1.5,2.42,3,16
WINTER FLOUNDER,1980,0.9,2.27,3,16
WINTER FLOUNDER,1981,1.22,2.51,3,16
WINTER FLOUNDER,1982,1.92,2.11,3,16
WINTER FLOUNDER,1983,2.97,0.84,3,16
WINTER FLOUNDER,1984,1.55,1.04,3,16
WINTER FLOUNDER,1985,4.43,0.38,3,16
WINTER FLOUNDER,1986,3.6,0.33,3,16
WINTER FLOUNDER,1987,1.99,2.28,3,16
WINTER FLOUNDER,1988,1.94,0.8,3,16
WINTER FLOUNDER,1989,2.37,2,3,16
WINTER FLOUNDER,1990,3.01,0.36,3,16
WINTER FLOUNDER,1991,3.14,0.05,3,16
WINTER FLOUNDER,1992,2.45,0.76,3,16
WINTER FLOUNDER,1993,1.83,0.98,3,16
WINTER FLOUNDER,1994,3.19,0.77,3,16
WINTER FLOUNDER,1995,4.88,0.29,3,16
WINTER FLOUNDER,1996,2.31,0.85,3,16
WINTER FLOUNDER,1997,3.01,0.11,3,16
WINTER FLOUNDER,1998,2.17,0.23,3,16
WINTER FLOUNDER,1999,5.64,0.09,3,16
WINTER FLOUNDER,2000,3.32,0.1,3,16
WINTER FLOUNDER,2001,3.87,0.14,3,16
WINTER FLOUNDER,2002,4.54,0.02,3,16
WINTER FLOUNDER,2003,2.43,0.72,3,16
WINTER FLOUNDER,2004,2.09,2.37,3,16
WINTER FLOUNDER,2005,2.17,0.72,3,16
WINTER FLOUNDER,2006,3.9,0.02,3,16
WINTER FLOUNDER,2007,2.87,0.3,3,16
WINTER FLOUNDER,2008,3.99,0.01,3,16
WINTER FLOUNDER,2009,4.32,0.26,3,16
WINTER FLOUNDER,2010,3.33,0.19,3,16
WINTER FLOUNDER,2011,4.47,0.13,3,16
WINTER FLOUNDER,2012,5.7,0,3,16
WINTER FLOUNDER,2013,5.19,0.04,3,16
WINTER FLOUNDER,2014,8.17,0.29,3,16
WINTER FLOUNDER,2015,8.25,0.6,3,16
WINTER FLOUNDER,2016,6.47,0.01,3,16
WINTER FLOUNDER,2017,5.11,0.11,3,16
WINTER FLOUNDER,2018,3.59,0.08,3,16
WINTER FLOUNDER,2019,7.06,0.11,3,16
WINTER FLOUNDER,2020,5.05,0.02,3,16
WINTER FLOUNDER,2021,0.11,0,3,16
WINTER FLOUNDER,2022,7.21,0.07,3,16
WINTER FLOUNDER,2023,6.42,0.04,3,16
WINTER FLOUNDER,2024,6.17,0.29,3,16
WINTER SKATE,1959,3.75,8,4.272000000000001,15.200000000000001
WINTER SKATE,1960,4.08,6.31,4.272000000000001,15.200000000000001
WINTER SKATE,1961,4.26,8.39,4.272000000000001,15.200000000000001
WINTER SKATE,1962,4.3,6.72,4.272000000000001,15.200000000000001
WINTER SKATE,1963,4.82,6.54,4.272000000000001,15.200000000000001
WINTER SKATE,1964,4.6,7,4.272000000000001,15.200000000000001
WINTER SKATE,1965,1.67,13,4.272000000000001,15.200000000000001
WINTER SKATE,1966,2.4,10.12,4.272000000000001,15.200000000000001
WINTER SKATE,1967,2.21,8.93,4.272000000000001,15.200000000000001
WINTER SKATE,1968,2.97,13.62,4.272000000000001,15.200000000000001
WINTER SKATE,1969,2.91,11.65,4.272000000000001,15.200000000000001
WINTER SKATE,1970,3.12,6.61,4.272000000000001,15.200000000000001
WINTER SKATE,1971,3.32,8.76,4.272000000000001,15.200000000000001
WINTER SKATE,1972,3.75,4.63,4.272000000000001,15.200000000000001
WINTER SKATE,1973,3.33,5.59,4.272000000000001,15.200000000000001
WINTER SKATE,1974,4.19,2.25,4.272000000000001,15.200000000000001
WINTER SKATE,1975,7.06,2.15,4.272000000000001,15.200000000000001
WINTER SKATE,1976,3.49,2.16,4.272000000000001,15.200000000000001
WINTER SKATE,1977,4.54,9.24,4.272000000000001,15.200000000000001
WINTER SKATE,1978,5.28,6.79,4.272000000000001,15.200000000000001
WINTER SKATE,1979,3.25,9.25,4.272000000000001,15.200000000000001
WINTER SKATE,1980,2.02,8.87,4.272000000000001,15.200000000000001
WINTER SKATE,1981,2.4,9.76,4.272000000000001,15.200000000000001
WINTER SKATE,1982,4.21,9.31,4.272000000000001,15.200000000000001
WINTER SKATE,1983,5.36,3.51,4.272000000000001,15.200000000000001
WINTER SKATE,1984,3.22,4.89,4.272000000000001,15.200000000000001
WINTER SKATE,1985,7.55,3.13,4.272000000000001,15.200000000000001
WINTER SKATE,1986,6.75,2.69,4.272000000000001,15.200000000000001
WINTER SKATE,1987,4.16,8.24,4.272000000000001,15.200000000000001
WINTER SKATE,1988,3.81,5.97,4.272000000000001,15.200000000000001
WINTER SKATE,1989,4.67,6.86,4.272000000000001,15.200000000000001
WINTER SKATE,1990,5.64,2.95,4.272000000000001,15.200000000000001
WINTER SKATE,1991,5.95,1.09,4.272000000000001,15.200000000000001
WINTER SKATE,1992,4.26,4.7,4.272000000000001,15.200000000000001
WINTER SKATE,1993,3.95,8.05,4.272000000000001,15.200000000000001
WINTER SKATE,1994,6.01,5.75,4.272000000000001,15.200000000000001
WINTER SKATE,1995,7.11,1.79,4.272000000000001,15.200000000000001
WINTER SKATE,1996,4.1,6.09,4.272000000000001,15.200000000000001
WINTER SKATE,1997,5.54,1.33,4.272000000000001,15.200000000000001
WINTER SKATE,1998,4.52,1.72,4.272000000000001,15.200000000000001
WINTER SKATE,1999,8.92,1.16,4.272000000000001,15.200000000000001
WINTER SKATE,2000,5.91,0.85,4.272000000000001,15.200000000000001
WINTER SKATE,2001,6.47,2.11,4.272000000000001,15.200000000000001
WINTER SKATE,2002,7.75,0.15,4.272000000000001,15.200000000000001
WINTER SKATE,2003,4.21,6.1,4.272000000000001,15.200000000000001
WINTER SKATE,2004,3.98,12.06,4.272000000000001,15.200000000000001
WINTER SKATE,2005,4.03,7.52,4.272000000000001,15.200000000000001
WINTER SKATE,2006,6.37,0.67,4.272000000000001,15.200000000000001
WINTER SKATE,2007,5.18,3.44,4.272000000000001,15.200000000000001
WINTER SKATE,2008,6.62,1.15,4.272000000000001,15.200000000000001
WINTER SKATE,2009,8.15,3.83,4.272000000000001,15.200000000000001
WINTER SKATE,2010,5.51,2.43,4.272000000000001,15.200000000000001
WINTER SKATE,2011,7.67,2.37,4.272000000000001,15.200000000000001
WINTER SKATE,2012,9.46,0.05,4.272000000000001,15.200000000000001
WINTER SKATE,2013,8.54,0.57,4.272000000000001,15.200000000000001
WINTER SKATE,2014,11.86,2.57,4.272000000000001,15.200000000000001
WINTER SKATE,2015,12.73,3.22,4.272000000000001,15.200000000000001
WINTER SKATE,2016,9.89,0.17,4.272000000000001,15.200000000000001
WINTER SKATE,2017,9.18,0.79,4.272000000000001,15.200000000000001
WINTER SKATE,2018,5.91,1,4.272000000000001,15.200000000000001
WINTER SKATE,2019,11.04,1.55,4.272000000000001,15.200000000000001
WINTER SKATE,2020,8.19,0.15,4.272000000000001,15.200000000000001
WINTER SKATE,2021,1.87,0,4.272000000000001,15.200000000000001
WINTER SKATE,2022,11.72,0.48,4.272000000000001,15.200000000000001
WINTER SKATE,2023,10.15,0.35,4.272000000000001,15.200000000000001
WINTER SKATE,2024,8.91,2.76,4.272000000000001,15.200000000000001
WITCH FLOUNDER,1959,11.83,11.85,4.79,10.370000000000001
WITCH FLOUNDER,1960,14.29,12.6,4.79,10.370000000000001
WITCH FLOUNDER,1961,12.6,14.17,4.79,10.370000000000001
WITCH FLOUNDER,1962,17.37,13.69,4.79,10.370000000000001
WITCH FLOUNDER,1963,15.22,8.11,4.79,10.370000000000001
WITCH FLOUNDER,1964,12.84,8.73,4.79,10.370000000000001
WITCH FLOUNDER,1965,10.25,14.16,4.79,10.370000000000001
WITCH FLOUNDER,1966,10.12,11.79,4.79,10.370000000000001
WITCH FLOUNDER,1967,11.66,12.71,4.79,10.370000000000001
WITCH FLOUNDER,1968,10.29,17.77,4.79,10.370000000000001
WITCH FLOUNDER,1969,15.62,20.31,4.79,10.370000000000001
WITCH FLOUNDER,1970,15.04,7.35,4.79,10.370000000000001
WITCH FLOUNDER,1971,13.84,11.52,4.79,10.370000000000001
WITCH FLOUNDER,1972,20.3,7.26,4.79,10.370000000000001
WITCH FLOUNDER,1973,17.83,9.59,4.79,10.370000000000001
WITCH FLOUNDER,1974,25.2,3.04,4.79,10.370000000000001
WITCH FLOUNDER,1975,19.41,2.66,4.79,10.370000000000001
WITCH FLOUNDER,1976,22.49,1.9,4.79,10.370000000000001
WITCH FLOUNDER,1977,17.52,11.08,4.79,10.370000000000001
WITCH FLOUNDER,1978,20.2,8.25,4.79,10.370000000000001
WITCH FLOUNDER,1979,14.19,12.29,4.79,10.370000000000001
WITCH FLOUNDER,1980,14.45,11.48,4.79,10.370000000000001
WITCH FLOUNDER,1981,13.23,13.55,4.79,10.370000000000001
WITCH FLOUNDER,1982,17.17,12.11,4.79,10.370000000000001
WITCH FLOUNDER,1983,19.7,6.06,4.79,10.370000000000001
WITCH FLOUNDER,1984,14.38,6.34,4.79,10.370000000000001
WITCH FLOUNDER,1985,23.36,3.48,4.79,10.370000000000001
WITCH FLOUNDER,1986,26.29,2.56,4.79,10.370000000000001
WITCH FLOUNDER,1987,18.41,10.34,4.79,10.370000000000001
WITCH FLOUNDER,1988,16.44,4.88,4.79,10.370000000000001
WITCH FLOUNDER,1989,18.16,9.03,4.79,10.370000000000001
WITCH FLOUNDER,1990,20.7,4.14,4.79,10.370000000000001
WITCH FLOUNDER,1991,24.3,1.34,4.79,10.370000000000001
WITCH FLOUNDER,1992,18.91,10.61,4.79,10.370000000000001
WITCH FLOUNDER,1993,17.49,10.63,4.79,10.370000000000001
WITCH FLOUNDER,1994,22.99,5.7,4.79,10.370000000000001
WITCH FLOUNDER,1995,21.7,3.09,4.79,10.370000000000001
WITCH FLOUNDER,1996,7.35,7.4,4.79,10.370000000000001
WITCH FLOUNDER,1997,18.85,1.78,4.79,10.370000000000001
WITCH FLOUNDER,1998,10.59,4.05,4.79,10.370000000000001
WITCH FLOUNDER,1999,27.92,2.25,4.79,10.370000000000001
WITCH FLOUNDER,2000,22.35,0.78,4.79,10.370000000000001
WITCH FLOUNDER,2001,21.76,3.79,4.79,10.370000000000001
WITCH FLOUNDER,2002,23.08,0.35,4.79,10.370000000000001
WITCH FLOUNDER,2003,16.86,8.73,4.79,10.370000000000001
WITCH FLOUNDER,2004,11.97,15.37,4.79,10.370000000000001
WITCH FLOUNDER,2005,16.66,10.46,4.79,10.370000000000001
WITCH FLOUNDER,2006,26.37,1.28,4.79,10.370000000000001
WITCH FLOUNDER,2007,10.94,4.87,4.79,10.370000000000001
WITCH FLOUNDER,2008,17.81,2.68,4.79,10.370000000000001
WITCH FLOUNDER,2009,24.71,5.43,4.79,10.370000000000001
WITCH FLOUNDER,2010,19.36,2.95,4.79,10.370000000000001
WITCH FLOUNDER,2011,19.83,3.01,4.79,10.370000000000001
WITCH FLOUNDER,2012,33.17,0.18,4.79,10.370000000000001
WITCH FLOUNDER,2013,27.29,1.16,4.79,10.370000000000001
WITCH FLOUNDER,2014,28.85,2.69,4.79,10.370000000000001
WITCH FLOUNDER,2015,28.91,3.2,4.79,10.370000000000001
WITCH FLOUNDER,2016,30.55,0.18,4.79,10.370000000000001
WITCH FLOUNDER,2017,24.11,1.91,4.79,10.370000000000001
WITCH FLOUNDER,2018,23.64,1.63,4.79,10.370000000000001
WITCH FLOUNDER,2019,29.33,1.72,4.79,10.370000000000001
WITCH FLOUNDER,2020,27.08,0.38,4.79,10.370000000000001
WITCH FLOUNDER,2021,40.7,0,4.79,10.370000000000001
WITCH FLOUNDER,2022,32.08,0.38,4.79,10.370000000000001
WITCH FLOUNDER,2023,25.49,0.86,4.79,10.370000000000001
WITCH FLOUNDER,2024,14.91,4.1,4.79,10.370000000000001
YELLOWTAIL FLOUNDER,1959,8.17,7.19,4.08,12.8
YELLOWTAIL FLOUNDER,1960,9.68,5.54,4.08,12.8
YELLOWTAIL FLOUNDER,1961,8.59,8.13,4.08,12.8
YELLOWTAIL FLOUNDER,1962,10.01,6.89,4.08,12.8
YELLOWTAIL FLOUNDER,1963,10.91,4.89,4.08,12.8
YELLOWTAIL FLOUNDER,1964,9.77,5.47,4.08,12.8
YELLOWTAIL FLOUNDER,1965,4.49,12.33,4.08,12.8
YELLOWTAIL FLOUNDER,1966,5.59,8.85,4.08,12.8
YELLOWTAIL FLOUNDER,1967,4.83,8.44,4.08,12.8
YELLOWTAIL FLOUNDER,1968,5.74,12.54,4.08,12.8
YELLOWTAIL FLOUNDER,1969,9.5,11.37,4.08,12.8
YELLOWTAIL FLOUNDER,1970,8.12,4.98,4.08,12.8
YELLOWTAIL FLOUNDER,1971,9.51,7.51,4.08,12.8
YELLOWTAIL FLOUNDER,1972,11.41,3.96,4.08,12.8
YELLOWTAIL FLOUNDER,1973,10.99,5.43,4.08,12.8
YELLOWTAIL FLOUNDER,1974,13.58,1.53,4.08,12.8
YELLOWTAIL FLOUNDER,1975,14.4,1.44,4.08,12.8
YELLOWTAIL FLOUNDER,1976,9.35,1.38,4.08,12.8
YELLOWTAIL FLOUNDER,1977,12.23,8.57,4.08,12.8
YELLOWTAIL FLOUNDER,1978,13.35,5.33,4.08,12.8
YELLOWTAIL FLOUNDER,1979,6.78,8.54,4.08,12.8
YELLOWTAIL FLOUNDER,1980,5.22,7.62,4.08,12.8
YELLOWTAIL FLOUNDER,1981,6.06,8.57,4.08,12.8
YELLOWTAIL FLOUNDER,1982,12.11,7.91,4.08,12.8
YELLOWTAIL FLOUNDER,1983,12.13,3.37,4.08,12.8
YELLOWTAIL FLOUNDER,1984,8.02,3.62,4.08,12.8
YELLOWTAIL FLOUNDER,1985,15.6,1.89,4.08,12.8
YELLOWTAIL FLOUNDER,1986,17.15,1.69,4.08,12.8
YELLOWTAIL FLOUNDER,1987,10.58,7.64,4.08,12.8
YELLOWTAIL FLOUNDER,1988,9.39,4.1,4.08,12.8
YELLOWTAIL FLOUNDER,1989,11,6.69,4.08,12.8
YELLOWTAIL FLOUNDER,1990,10.96,2.14,4.08,12.8
YELLOWTAIL FLOUNDER,1991,14.76,0.66,4.08,12.8
YELLOWTAIL FLOUNDER,1992,9.28,5.06,4.08,12.8
YELLOWTAIL FLOUNDER,1993,7.81,6.83,4.08,12.8
YELLOWTAIL FLOUNDER,1994,14.41,4.22,4.08,12.8
YELLOWTAIL FLOUNDER,1995,15.13,1.51,4.08,12.8
YELLOWTAIL FLOUNDER,1996,4.25,4.38,4.08,12.8
YELLOWTAIL FLOUNDER,1997,10.2,0.73,4.08,12.8
YELLOWTAIL FLOUNDER,1998,5.13,1.37,4.08,12.8
YELLOWTAIL FLOUNDER,1999,20.6,0.89,4.08,12.8
YELLOWTAIL FLOUNDER,2000,10.12,0.54,4.08,12.8
YELLOWTAIL FLOUNDER,2001,15.38,1.42,4.08,12.8
YELLOWTAIL FLOUNDER,2002,16.39,0.11,4.08,12.8
YELLOWTAIL FLOUNDER,2003,7.33,5.23,4.08,12.8
YELLOWTAIL FLOUNDER,2004,6.11,10.99,4.08,12.8
YELLOWTAIL FLOUNDER,2005,8.54,6.18,4.08,12.8
YELLOWTAIL FLOUNDER,2006,15.28,0.34,4.08,12.8
YELLOWTAIL FLOUNDER,2007,6.91,2.57,4.08,12.8
YELLOWTAIL FLOUNDER,2008,10.84,0.73,4.08,12.8
YELLOWTAIL FLOUNDER,2009,17.64,2.53,4.08,12.8
YELLOWTAIL FLOUNDER,2010,13.04,1.69,4.08,12.8
YELLOWTAIL FLOUNDER,2011,15.45,1.41,4.08,12.8
YELLOWTAIL FLOUNDER,2012,21.61,0.02,4.08,12.8
YELLOWTAIL FLOUNDER,2013,18.1,0.34,4.08,12.8
YELLOWTAIL FLOUNDER,2014,21.53,1.81,4.08,12.8
YELLOWTAIL FLOUNDER,2015,24.26,2.59,4.08,12.8
YELLOWTAIL FLOUNDER,2016,22.52,0.07,4.08,12.8
YELLOWTAIL FLOUNDER,2017,18.69,0.8,4.08,12.8
YELLOWTAIL FLOUNDER,2018,12.11,0.44,4.08,12.8
YELLOWTAIL FLOUNDER,2019,19.06,0.84,4.08,12.8
YELLOWTAIL FLOUNDER,2020,16.3,0.08,4.08,12.8
YELLOWTAIL FLOUNDER,2021,18.54,0,4.08,12.8
YELLOWTAIL FLOUNDER,2022,20.89,0.16,4.08,12.8
YELLOWTAIL FLOUNDER,2023,13.93,0.24,4.08,12.8
YELLOWTAIL FLOUNDER,2024,10.55,2.02,4.08,12.8
